seed,strategy,model,threshold_mode,features,train_sources,test_source,accuracy,precision_weighted,recall_weighted,f1_weighted,recall_very_high,precision_very_high,f1_very_high
42,rule,decision_tree,default,ctx,mother_jones+stanford_msa,kaggle,0.3396825396825397,0.7974197722567287,0.3396825396825397,0.42980588364544914,0.6842105263157895,0.08125,0.1452513966480447
42,rule,decision_tree,default,ctx,kaggle+stanford_msa,mother_jones,0.29936305732484075,0.15311440152204484,0.29936305732484075,0.14860267279698786,0.0,0.0,0.0
42,rule,decision_tree,default,ctx,kaggle+mother_jones,stanford_msa,0.4251497005988024,0.8409836021101863,0.4251497005988024,0.496944283027365,0.06666666666666667,0.14285714285714285,0.09090909090909091
42,rule,decision_tree,youden,ctx,mother_jones+stanford_msa,kaggle,0.3396825396825397,0.7974197722567287,0.3396825396825397,0.42980588364544914,0.6842105263157895,0.08125,0.1452513966480447
42,rule,decision_tree,youden,ctx,kaggle+stanford_msa,mother_jones,0.09554140127388536,0.07180081065431385,0.09554140127388536,0.026442771665701602,1.0,0.09090909090909091,0.16666666666666666
42,rule,decision_tree,youden,ctx,kaggle+mother_jones,stanford_msa,0.4251497005988024,0.8409836021101863,0.4251497005988024,0.496944283027365,0.06666666666666667,0.14285714285714285,0.09090909090909091
42,rule,decision_tree,youden_val,ctx,mother_jones+stanford_msa,kaggle,0.2634920634920635,0.7474111904499193,0.2634920634920635,0.34685579810921086,0.10526315789473684,0.03773584905660377,0.05555555555555555
42,rule,decision_tree,youden_val,ctx,kaggle+stanford_msa,mother_jones,0.12738853503184713,0.016331863465621425,0.12738853503184713,0.028951939779965255,0.0,0.0,0.0
42,rule,decision_tree,youden_val,ctx,kaggle+mother_jones,stanford_msa,0.3592814371257485,0.8105892948079545,0.3592814371257485,0.46822900104073095,0.06666666666666667,0.14285714285714285,0.09090909090909091
42,rule,multinomial_lr,default,ctx,mother_jones+stanford_msa,kaggle,0.4634920634920635,0.7506824438695139,0.4634920634920635,0.5517281196966172,0.3684210526315789,0.10606060606060606,0.16470588235294117
42,rule,multinomial_lr,default,ctx,kaggle+stanford_msa,mother_jones,0.1910828025477707,0.11364144292404431,0.1910828025477707,0.13591376776090153,0.5714285714285714,0.12121212121212122,0.2
42,rule,multinomial_lr,default,ctx,kaggle+mother_jones,stanford_msa,0.4491017964071856,0.8314187851248036,0.4491017964071856,0.5558087126359033,0.06666666666666667,0.14285714285714285,0.09090909090909091
42,rule,multinomial_lr,youden,ctx,mother_jones+stanford_msa,kaggle,0.3619047619047619,0.773852779339849,0.3619047619047619,0.4545443605195467,0.47368421052631576,0.08571428571428572,0.14516129032258066
42,rule,multinomial_lr,youden,ctx,kaggle+stanford_msa,mother_jones,0.2929936305732484,0.15174222555264144,0.2929936305732484,0.14629415170816445,0.0,0.0,0.0
42,rule,multinomial_lr,youden,ctx,kaggle+mother_jones,stanford_msa,0.4550898203592814,0.8283375467862425,0.4550898203592814,0.5570857786728397,0.5333333333333333,0.08080808080808081,0.14035087719298245
42,rule,multinomial_lr,youden_val,ctx,mother_jones+stanford_msa,kaggle,0.3619047619047619,0.773852779339849,0.3619047619047619,0.4545443605195467,0.47368421052631576,0.08571428571428572,0.14516129032258066
42,rule,multinomial_lr,youden_val,ctx,kaggle+stanford_msa,mother_jones,0.16560509554140126,0.09377573974998596,0.16560509554140126,0.11463767280552593,0.35714285714285715,0.14705882352941177,0.20833333333333334
42,rule,multinomial_lr,youden_val,ctx,kaggle+mother_jones,stanford_msa,0.4281437125748503,0.8332787917786928,0.4281437125748503,0.5423104974776315,0.13333333333333333,0.0625,0.0851063829787234
42,rule,naive_bayes,default,ctx,mother_jones+stanford_msa,kaggle,0.12698412698412698,0.7490423280423281,0.12698412698412698,0.14790050005523633,0.2631578947368421,0.043859649122807015,0.07518796992481203
42,rule,naive_bayes,default,ctx,kaggle+stanford_msa,mother_jones,0.09554140127388536,0.03374530729320454,0.09554140127388536,0.02532329666087628,1.0,0.09271523178807947,0.1696969696969697
42,rule,naive_bayes,default,ctx,kaggle+mother_jones,stanford_msa,0.12874251497005987,0.8208725406330197,0.12874251497005987,0.15857196761452397,0.9333333333333333,0.07142857142857142,0.13270142180094788
42,rule,naive_bayes,youden,ctx,mother_jones+stanford_msa,kaggle,0.13333333333333333,0.7501071767738433,0.13333333333333333,0.14964153284155196,0.7368421052631579,0.06222222222222222,0.11475409836065574
42,rule,naive_bayes,youden,ctx,kaggle+stanford_msa,mother_jones,0.2611464968152866,0.2319872335987753,0.2611464968152866,0.23918652803079504,0.21428571428571427,0.3333333333333333,0.2608695652173913
42,rule,naive_bayes,youden,ctx,kaggle+mother_jones,stanford_msa,0.12874251497005987,0.8216938282156189,0.12874251497005987,0.1599267987676711,0.6666666666666666,0.07518796992481203,0.13513513513513514
42,rule,naive_bayes,youden_val,ctx,mother_jones+stanford_msa,kaggle,0.3396825396825397,0.7734845460945692,0.3396825396825397,0.4435084133069481,0.21052631578947367,0.08888888888888889,0.125
42,rule,naive_bayes,youden_val,ctx,kaggle+stanford_msa,mother_jones,0.22929936305732485,0.11706547311642854,0.22929936305732485,0.13989984501957414,0.42857142857142855,0.15,0.2222222222222222
42,rule,naive_bayes,youden_val,ctx,kaggle+mother_jones,stanford_msa,0.12275449101796407,0.820662246934702,0.12275449101796407,0.1581231364699421,0.6,0.04285714285714286,0.08
42,rule,decision_tree,default,full,mother_jones+stanford_msa,kaggle,0.6,0.6884936517967907,0.6,0.6288013118107787,0.21052631578947367,0.21052631578947367,0.21052631578947367
42,rule,decision_tree,default,full,kaggle+stanford_msa,mother_jones,0.17197452229299362,0.19733576910216363,0.17197452229299362,0.11595659219031386,0.42857142857142855,0.08,0.1348314606741573
42,rule,decision_tree,default,full,kaggle+mother_jones,stanford_msa,0.6676646706586826,0.7511693784148874,0.6676646706586826,0.6987105919548878,0.4666666666666667,0.12727272727272726,0.2
42,rule,decision_tree,youden,full,mother_jones+stanford_msa,kaggle,0.3142857142857143,0.7854345159512334,0.3142857142857143,0.3805527658889301,0.21052631578947367,0.21052631578947367,0.21052631578947367
42,rule,decision_tree,youden,full,kaggle+stanford_msa,mother_jones,0.1464968152866242,0.03354357620009321,0.1464968152866242,0.05448603258665521,0.42857142857142855,0.08,0.1348314606741573
42,rule,decision_tree,youden,full,kaggle+mother_jones,stanford_msa,0.3532934131736527,0.8383259376476806,0.3532934131736527,0.4493430122138388,0.4666666666666667,0.04929577464788732,0.08917197452229299
42,rule,decision_tree,youden_val,full,mother_jones+stanford_msa,kaggle,0.33015873015873015,0.7875262092701016,0.33015873015873015,0.3841706045675198,0.21052631578947367,0.21052631578947367,0.21052631578947367
42,rule,decision_tree,youden_val,full,kaggle+stanford_msa,mother_jones,0.267515923566879,0.12089914691824476,0.267515923566879,0.16354212331416484,0.0,0.0,0.0
42,rule,decision_tree,youden_val,full,kaggle+mother_jones,stanford_msa,0.3562874251497006,0.8307746606041321,0.3562874251497006,0.44240824545795,0.4666666666666667,0.12727272727272726,0.2
42,rule,multinomial_lr,default,full,mother_jones+stanford_msa,kaggle,0.5555555555555556,0.7526791126058998,0.5555555555555556,0.622066279665991,0.3684210526315789,0.125,0.18666666666666668
42,rule,multinomial_lr,default,full,kaggle+stanford_msa,mother_jones,0.2929936305732484,0.4023779551089173,0.2929936305732484,0.22814404773871638,0.21428571428571427,0.21428571428571427,0.21428571428571427
42,rule,multinomial_lr,default,full,kaggle+mother_jones,stanford_msa,0.6976047904191617,0.7661288467631258,0.6976047904191617,0.7126225846283974,0.06666666666666667,0.09090909090909091,0.07692307692307693
42,rule,multinomial_lr,youden,full,mother_jones+stanford_msa,kaggle,0.49523809523809526,0.7717426205231084,0.49523809523809526,0.5705157832894823,0.5789473684210527,0.14102564102564102,0.2268041237113402
42,rule,multinomial_lr,youden,full,kaggle+stanford_msa,mother_jones,0.3184713375796178,0.43803162235772297,0.3184713375796178,0.32380828968027514,0.5,0.21875,0.30434782608695654
42,rule,multinomial_lr,youden,full,kaggle+mother_jones,stanford_msa,0.46407185628742514,0.8114581969717741,0.46407185628742514,0.5618456668411477,0.26666666666666666,0.10256410256410256,0.14814814814814814
42,rule,multinomial_lr,youden_val,full,mother_jones+stanford_msa,kaggle,0.4126984126984127,0.7796842548780534,0.4126984126984127,0.48359216319550574,0.3684210526315789,0.16279069767441862,0.22580645161290322
42,rule,multinomial_lr,youden_val,full,kaggle+stanford_msa,mother_jones,0.22929936305732485,0.3638459606271479,0.22929936305732485,0.16351646979222853,0.5,0.13725490196078433,0.2153846153846154
42,rule,multinomial_lr,youden_val,full,kaggle+mother_jones,stanford_msa,0.5688622754491018,0.7957197368407443,0.5688622754491018,0.6445130620609425,0.06666666666666667,0.06666666666666667,0.06666666666666667
42,rule,naive_bayes,default,full,mother_jones+stanford_msa,kaggle,0.1365079365079365,0.7513437175222254,0.1365079365079365,0.15517018318950684,0.3684210526315789,0.04294478527607362,0.07692307692307693
42,rule,naive_bayes,default,full,kaggle+stanford_msa,mother_jones,0.11464968152866242,0.12623542909271157,0.11464968152866242,0.07567625874363162,0.7857142857142857,0.09243697478991597,0.16541353383458646
42,rule,naive_bayes,default,full,kaggle+mother_jones,stanford_msa,0.4251497005988024,0.8115601576470536,0.4251497005988024,0.52569778036062,0.9333333333333333,0.07142857142857142,0.13270142180094788
42,rule,naive_bayes,youden,full,mother_jones+stanford_msa,kaggle,0.42857142857142855,0.7713721179635281,0.42857142857142855,0.5176477180910679,0.15789473684210525,0.13043478260869565,0.14285714285714285
42,rule,naive_bayes,youden,full,kaggle+stanford_msa,mother_jones,0.2229299363057325,0.12837048832271764,0.2229299363057325,0.1610461908821907,0.21428571428571427,0.1875,0.2
42,rule,naive_bayes,youden,full,kaggle+mother_jones,stanford_msa,0.4281437125748503,0.8209749910714114,0.4281437125748503,0.5367103927052755,0.2,0.04225352112676056,0.06976744186046512
42,rule,naive_bayes,youden_val,full,mother_jones+stanford_msa,kaggle,0.40634920634920635,0.7503006948093653,0.40634920634920635,0.5011579234868551,0.0,0.0,0.0
42,rule,naive_bayes,youden_val,full,kaggle+stanford_msa,mother_jones,0.16560509554140126,0.10377853847349991,0.16560509554140126,0.11094149692818334,0.7857142857142857,0.11827956989247312,0.205607476635514
42,rule,naive_bayes,youden_val,full,kaggle+mother_jones,stanford_msa,0.4251497005988024,0.8101420167902329,0.4251497005988024,0.5261519800189391,0.8,0.0916030534351145,0.1643835616438356
42,std,decision_tree,default,ctx,mother_jones+stanford_msa,kaggle,0.42857142857142855,0.9127374575758309,0.42857142857142855,0.5543170823316294,0.7272727272727273,0.058394160583941604,0.10810810810810811
42,std,decision_tree,default,ctx,kaggle+stanford_msa,mother_jones,0.11464968152866242,0.05315190117737889,0.11464968152866242,0.06025331283402885,0.34782608695652173,0.32,0.3333333333333333
42,std,decision_tree,default,ctx,kaggle+mother_jones,stanford_msa,0.029940119760479042,0.0016910119367025771,0.029940119760479042,0.0029129241516966066,1.0,0.028938906752411574,0.05625
42,std,decision_tree,youden,ctx,mother_jones+stanford_msa,kaggle,0.4222222222222222,0.9098597463676829,0.4222222222222222,0.5495995757093609,0.0,0.0,0.0
42,std,decision_tree,youden,ctx,kaggle+stanford_msa,mother_jones,0.1592356687898089,0.036575036316906916,0.1592356687898089,0.05948645109745001,0.9130434782608695,0.21,0.34146341463414637
42,std,decision_tree,youden,ctx,kaggle+mother_jones,stanford_msa,0.09281437125748503,0.9124442675694656,0.09281437125748503,0.12598204414780598,0.7777777777777778,0.025830258302583026,0.05
42,std,decision_tree,youden_val,ctx,mother_jones+stanford_msa,kaggle,0.4253968253968254,0.9345939885173928,0.4253968253968254,0.5562960064414705,0.09090909090909091,0.5,0.15384615384615385
42,std,decision_tree,youden_val,ctx,kaggle+stanford_msa,mother_jones,0.11464968152866242,0.05315190117737889,0.11464968152866242,0.06025331283402885,0.34782608695652173,0.32,0.3333333333333333
42,std,decision_tree,youden_val,ctx,kaggle+mother_jones,stanford_msa,0.41317365269461076,0.945562807725364,0.41317365269461076,0.5585334958600622,0.0,0.0,0.0
42,std,multinomial_lr,default,ctx,mother_jones+stanford_msa,kaggle,0.45714285714285713,0.913762706724903,0.45714285714285713,0.5867432566021967,0.36363636363636365,0.05970149253731343,0.10256410256410256
42,std,multinomial_lr,default,ctx,kaggle+stanford_msa,mother_jones,0.1592356687898089,0.8195455048026121,0.1592356687898089,0.12678722266250517,0.5217391304347826,0.2926829268292683,0.375
42,std,multinomial_lr,default,ctx,kaggle+mother_jones,stanford_msa,0.5059880239520959,0.9546335137212205,0.5059880239520959,0.6391699359900888,1.0,0.058823529411764705,0.1111111111111111
42,std,multinomial_lr,youden,ctx,mother_jones+stanford_msa,kaggle,0.4603174603174603,0.9209352209352208,0.4603174603174603,0.5889333311620093,0.45454545454545453,0.07352941176470588,0.12658227848101267
42,std,multinomial_lr,youden,ctx,kaggle+stanford_msa,mother_jones,0.19745222929936307,0.7169265773963226,0.19745222929936307,0.20629637239458484,0.4782608695652174,0.34375,0.4
42,std,multinomial_lr,youden,ctx,kaggle+mother_jones,stanford_msa,0.5119760479041916,0.9552985910427139,0.5119760479041916,0.6457257386662071,0.5555555555555556,0.0847457627118644,0.14705882352941177
42,std,multinomial_lr,youden_val,ctx,mother_jones+stanford_msa,kaggle,0.4666666666666667,0.9216741557734205,0.4666666666666667,0.5901061660634647,0.8181818181818182,0.0703125,0.12949640287769784
42,std,multinomial_lr,youden_val,ctx,kaggle+stanford_msa,mother_jones,0.19745222929936307,0.7169265773963226,0.19745222929936307,0.20629637239458484,0.4782608695652174,0.34375,0.4
42,std,multinomial_lr,youden_val,ctx,kaggle+mother_jones,stanford_msa,0.5119760479041916,0.9553911099818712,0.5119760479041916,0.645905884974666,0.6666666666666666,0.09375,0.1643835616438356
42,std,naive_bayes,default,ctx,mother_jones+stanford_msa,kaggle,0.44761904761904764,0.9143944517378102,0.44761904761904764,0.5747145469479474,0.09090909090909091,0.09090909090909091,0.09090909090909091
42,std,naive_bayes,default,ctx,kaggle+stanford_msa,mother_jones,0.09554140127388536,0.7986261518153508,0.09554140127388536,0.041292969870509476,0.08695652173913043,0.14285714285714285,0.10810810810810811
42,std,naive_bayes,default,ctx,kaggle+mother_jones,stanford_msa,0.11377245508982035,0.9545264151499956,0.11377245508982035,0.16748551267220077,0.1111111111111111,0.07142857142857142,0.08695652173913043
42,std,naive_bayes,youden,ctx,mother_jones+stanford_msa,kaggle,0.4444444444444444,0.9130326677716277,0.4444444444444444,0.5745442191258231,0.36363636363636365,0.056338028169014086,0.0975609756097561
42,std,naive_bayes,youden,ctx,kaggle+stanford_msa,mother_jones,0.12738853503184713,0.8155678789979374,0.12738853503184713,0.07204362870012203,0.43478260869565216,0.2631578947368421,0.32786885245901637
42,std,naive_bayes,youden,ctx,kaggle+mother_jones,stanford_msa,0.11377245508982035,0.9543261654827996,0.11377245508982035,0.16808074173278603,0.4444444444444444,0.07017543859649122,0.12121212121212122
42,std,naive_bayes,youden_val,ctx,mother_jones+stanford_msa,kaggle,0.43492063492063493,0.9115828183926512,0.43492063492063493,0.5718575889441441,0.09090909090909091,0.027777777777777776,0.0425531914893617
42,std,naive_bayes,youden_val,ctx,kaggle+stanford_msa,mother_jones,0.17197452229299362,0.6685168334849865,0.17197452229299362,0.16029785914161115,0.4782608695652174,0.3142857142857143,0.3793103448275862
42,std,naive_bayes,youden_val,ctx,kaggle+mother_jones,stanford_msa,0.11976047904191617,0.9537920001991859,0.11976047904191617,0.16736445200407157,1.0,0.057692307692307696,0.10909090909090909
42,std,decision_tree,default,full,mother_jones+stanford_msa,kaggle,0.6730158730158731,0.925076401409024,0.673015873015873,0.760051303472356,0.8181818181818182,0.11688311688311688,0.20454545454545456
42,std,decision_tree,default,full,kaggle+stanford_msa,mother_jones,0.42038216560509556,0.7037887303155194,0.42038216560509556,0.4635646333496652,0.6956521739130435,0.2909090909090909,0.41025641025641024
42,std,decision_tree,default,full,kaggle+mother_jones,stanford_msa,0.7514970059880239,0.9541763911721366,0.751497005988024,0.8259375676798894,0.8888888888888888,0.14035087719298245,0.24242424242424243
42,std,decision_tree,youden,full,mother_jones+stanford_msa,kaggle,0.6730158730158731,0.925076401409024,0.673015873015873,0.760051303472356,0.8181818181818182,0.11688311688311688,0.20454545454545456
42,std,decision_tree,youden,full,kaggle+stanford_msa,mother_jones,0.42038216560509556,0.7037887303155194,0.42038216560509556,0.4635646333496652,0.6956521739130435,0.2909090909090909,0.41025641025641024
42,std,decision_tree,youden,full,kaggle+mother_jones,stanford_msa,0.5149700598802395,0.9567657726473903,0.5149700598802395,0.6429395753946653,0.8888888888888888,0.14035087719298245,0.24242424242424243
42,std,decision_tree,youden_val,full,mother_jones+stanford_msa,kaggle,0.6698412698412698,0.9322625152625154,0.6698412698412698,0.7621438580429674,0.9090909090909091,0.09615384615384616,0.17391304347826086
42,std,decision_tree,youden_val,full,kaggle+stanford_msa,mother_jones,0.3885350318471338,0.6990004486379939,0.3885350318471338,0.4503391849205116,0.43478260869565216,0.2702702702702703,0.3333333333333333
42,std,decision_tree,youden_val,full,kaggle+mother_jones,stanford_msa,0.7365269461077845,0.9489133763526155,0.7365269461077844,0.8163391962059567,0.8888888888888888,0.10810810810810811,0.1927710843373494
42,std,multinomial_lr,default,full,mother_jones+stanford_msa,kaggle,0.7428571428571429,0.9191944619257396,0.7428571428571428,0.808724925867783,0.2727272727272727,0.13636363636363635,0.18181818181818182
42,std,multinomial_lr,default,full,kaggle+stanford_msa,mother_jones,0.2611464968152866,0.7487477356395723,0.2611464968152866,0.308176982239126,0.43478260869565216,0.43478260869565216,0.43478260869565216
42,std,multinomial_lr,default,full,kaggle+mother_jones,stanford_msa,0.8383233532934131,0.9531325050433892,0.8383233532934131,0.8832527036322834,0.8888888888888888,0.1568627450980392,0.26666666666666666
42,std,multinomial_lr,youden,full,mother_jones+stanford_msa,kaggle,0.7206349206349206,0.9173545052040712,0.7206349206349206,0.7949069784997153,0.36363636363636365,0.12121212121212122,0.18181818181818182
42,std,multinomial_lr,youden,full,kaggle+stanford_msa,mother_jones,0.43312101910828027,0.7619660486594854,0.43312101910828027,0.502423128485952,0.6086956521739131,0.3888888888888889,0.4745762711864407
42,std,multinomial_lr,youden,full,kaggle+mother_jones,stanford_msa,0.7664670658682635,0.954865903622793,0.7664670658682635,0.8381434220025794,0.7777777777777778,0.18421052631578946,0.2978723404255319
42,std,multinomial_lr,youden_val,full,mother_jones+stanford_msa,kaggle,0.7619047619047619,0.9161336600994527,0.7619047619047619,0.8213717103002817,0.2727272727272727,0.14285714285714285,0.1875
42,std,multinomial_lr,youden_val,full,kaggle+stanford_msa,mother_jones,0.2484076433121019,0.7884839487253165,0.2484076433121019,0.29444522762904385,0.4782608695652174,0.5789473684210527,0.5238095238095238
42,std,multinomial_lr,youden_val,full,kaggle+mother_jones,stanford_msa,0.6616766467065869,0.9518052899248921,0.6616766467065869,0.7634010382682138,1.0,0.1267605633802817,0.225
42,std,naive_bayes,default,full,mother_jones+stanford_msa,kaggle,0.44761904761904764,0.9139302186150076,0.44761904761904764,0.5744926348212733,0.09090909090909091,0.07692307692307693,0.08333333333333333
42,std,naive_bayes,default,full,kaggle+stanford_msa,mother_jones,0.17197452229299362,0.6953242617255356,0.17197452229299362,0.1800298494623442,0.043478260869565216,0.09090909090909091,0.058823529411764705
42,std,naive_bayes,default,full,kaggle+mother_jones,stanford_msa,0.11377245508982035,0.9545264151499956,0.11377245508982035,0.16748551267220077,0.1111111111111111,0.07142857142857142,0.08695652173913043
42,std,naive_bayes,youden,full,mother_jones+stanford_msa,kaggle,0.5523809523809524,0.9144975026904716,0.5523809523809523,0.6693245843694428,0.7272727272727273,0.06451612903225806,0.11851851851851852
42,std,naive_bayes,youden,full,kaggle+stanford_msa,mother_jones,0.2929936305732484,0.7075557790442135,0.2929936305732484,0.31344900310047374,0.6956521739130435,0.2962962962962963,0.4155844155844156
42,std,naive_bayes,youden,full,kaggle+mother_jones,stanford_msa,0.11976047904191617,0.9545648105356881,0.11976047904191617,0.16863088742425497,0.6666666666666666,0.07792207792207792,0.13953488372093023
42,std,naive_bayes,youden_val,full,mother_jones+stanford_msa,kaggle,0.5968253968253968,0.9069181450357922,0.5968253968253968,0.6974522767936797,0.6363636363636364,0.08235294117647059,0.14583333333333334
42,std,naive_bayes,youden_val,full,kaggle+stanford_msa,mother_jones,0.2484076433121019,0.6798921136313418,0.2484076433121019,0.2694422320676073,0.6086956521739131,0.2153846153846154,0.3181818181818182
42,std,naive_bayes,youden_val,full,kaggle+mother_jones,stanford_msa,0.39221556886227543,0.9546369445981986,0.39221556886227543,0.5264131110419499,0.8888888888888888,0.07142857142857142,0.1322314049586777
42,quartile,decision_tree,default,ctx,mother_jones+stanford_msa,kaggle,0.30158730158730157,0.33585900484855186,0.30158730158730157,0.21130775961837017,0.8653846153846154,0.23809523809523808,0.37344398340248963
42,quartile,decision_tree,default,ctx,kaggle+stanford_msa,mother_jones,0.5605095541401274,0.31977788665686757,0.5605095541401274,0.4072273495385415,0.9887640449438202,0.5641025641025641,0.7183673469387755
42,quartile,decision_tree,default,ctx,kaggle+mother_jones,stanford_msa,0.1317365269461078,0.11036448004312917,0.1317365269461078,0.06397177316754593,0.8571428571428571,0.1157556270096463,0.20396600566572237
42,quartile,decision_tree,youden,ctx,mother_jones+stanford_msa,kaggle,0.33650793650793653,0.3727448703058459,0.33650793650793653,0.2563265306122449,0.0,0.0,0.0
42,quartile,decision_tree,youden,ctx,kaggle+stanford_msa,mother_jones,0.25477707006369427,0.48777280465178563,0.25477707006369427,0.15762697379335305,0.07865168539325842,0.7777777777777778,0.14285714285714285
42,quartile,decision_tree,youden,ctx,kaggle+mother_jones,stanford_msa,0.16467065868263472,0.09485487179522924,0.16467065868263472,0.11344866191395173,0.42857142857142855,0.08450704225352113,0.1411764705882353
42,quartile,decision_tree,youden_val,ctx,mother_jones+stanford_msa,kaggle,0.3111111111111111,0.28750747642051994,0.3111111111111111,0.23691054747000184,0.0,0.0,0.0
42,quartile,decision_tree,youden_val,ctx,kaggle+stanford_msa,mother_jones,0.554140127388535,0.31818368604890074,0.554140127388535,0.40424976506212806,0.9775280898876404,0.5612903225806452,0.7131147540983607
42,quartile,decision_tree,youden_val,ctx,kaggle+mother_jones,stanford_msa,0.31736526946107785,0.3216838063004426,0.31736526946107785,0.2952486685098265,0.21428571428571427,0.225,0.21951219512195122
42,quartile,multinomial_lr,default,ctx,mother_jones+stanford_msa,kaggle,0.346031746031746,0.3308352507262463,0.346031746031746,0.30647371609443763,0.4230769230769231,0.2558139534883721,0.3188405797101449
42,quartile,multinomial_lr,default,ctx,kaggle+stanford_msa,mother_jones,0.40764331210191085,0.4232287469186819,0.40764331210191085,0.40567555429551183,0.5168539325842697,0.6301369863013698,0.5679012345679012
42,quartile,multinomial_lr,default,ctx,kaggle+mother_jones,stanford_msa,0.26646706586826346,0.16612538454357706,0.26646706586826346,0.16782573433233103,0.9761904761904762,0.23699421965317918,0.3813953488372093
42,quartile,multinomial_lr,youden,ctx,mother_jones+stanford_msa,kaggle,0.3492063492063492,0.33600163672558214,0.3492063492063492,0.30366492058761463,0.4230769230769231,0.2558139534883721,0.3188405797101449
42,quartile,multinomial_lr,youden,ctx,kaggle+stanford_msa,mother_jones,0.22929936305732485,0.5246650560070283,0.22929936305732485,0.2250873891937961,0.1348314606741573,0.8,0.23076923076923078
42,quartile,multinomial_lr,youden,ctx,kaggle+mother_jones,stanford_msa,0.27844311377245506,0.19923075197918771,0.27844311377245506,0.1860036200001431,0.8095238095238095,0.2361111111111111,0.3655913978494624
42,quartile,multinomial_lr,youden_val,ctx,mother_jones+stanford_msa,kaggle,0.31746031746031744,0.2483095963810975,0.31746031746031744,0.2644537447313098,0.0,0.0,0.0
42,quartile,multinomial_lr,youden_val,ctx,kaggle+stanford_msa,mother_jones,0.554140127388535,0.31818368604890074,0.554140127388535,0.40424976506212806,0.9775280898876404,0.5612903225806452,0.7131147540983607
42,quartile,multinomial_lr,youden_val,ctx,kaggle+mother_jones,stanford_msa,0.26047904191616766,0.4451730715239853,0.26047904191616766,0.20906646684786148,1.0,0.20689655172413793,0.34285714285714286
42,quartile,naive_bayes,default,ctx,mother_jones+stanford_msa,kaggle,0.3047619047619048,0.20951783098675753,0.3047619047619048,0.21436214736356904,0.8653846153846154,0.2542372881355932,0.3930131004366812
42,quartile,naive_bayes,default,ctx,kaggle+stanford_msa,mother_jones,0.18471337579617833,0.4821708953170959,0.18471337579617833,0.17591766056123442,0.1348314606741573,0.8,0.23076923076923078
42,quartile,naive_bayes,default,ctx,kaggle+mother_jones,stanford_msa,0.3772455089820359,0.4578548985419455,0.3772455089820359,0.3348014897163808,0.09523809523809523,0.8,0.1702127659574468
42,quartile,naive_bayes,youden,ctx,mother_jones+stanford_msa,kaggle,0.30158730158730157,0.26817511772575486,0.30158730158730157,0.24621834305423881,0.6923076923076923,0.2535211267605634,0.3711340206185567
42,quartile,naive_bayes,youden,ctx,kaggle+stanford_msa,mother_jones,0.2611464968152866,0.5089264285054925,0.2611464968152866,0.21544552882132503,0.1348314606741573,0.8,0.23076923076923078
42,quartile,naive_bayes,youden,ctx,kaggle+mother_jones,stanford_msa,0.27844311377245506,0.44845341236947295,0.27844311377245506,0.2732354851722199,0.09523809523809523,0.8,0.1702127659574468
42,quartile,naive_bayes,youden_val,ctx,mother_jones+stanford_msa,kaggle,0.2984126984126984,0.3985220475112862,0.2984126984126984,0.25445500507969276,0.46153846153846156,0.2608695652173913,0.3333333333333333
42,quartile,naive_bayes,youden_val,ctx,kaggle+stanford_msa,mother_jones,0.1910828025477707,0.4623855911791468,0.1910828025477707,0.18444784179053977,0.14606741573033707,0.7647058823529411,0.24528301886792453
42,quartile,naive_bayes,youden_val,ctx,kaggle+mother_jones,stanford_msa,0.2844311377245509,0.4012616044700889,0.2844311377245509,0.2644982525380493,0.40476190476190477,0.2982456140350877,0.3434343434343434
42,quartile,decision_tree,default,full,mother_jones+stanford_msa,kaggle,0.33015873015873015,0.36268306545193674,0.33015873015873015,0.3179389794113896,0.46153846153846156,0.3333333333333333,0.3870967741935484
42,quartile,decision_tree,default,full,kaggle+stanford_msa,mother_jones,0.4713375796178344,0.48758033835778314,0.4713375796178344,0.4739617297139701,0.6067415730337079,0.675,0.6390532544378699
42,quartile,decision_tree,default,full,kaggle+mother_jones,stanford_msa,0.4311377245508982,0.3543825874951101,0.4311377245508982,0.3271812963220845,0.6190476190476191,0.27956989247311825,0.3851851851851852
42,quartile,decision_tree,youden,full,mother_jones+stanford_msa,kaggle,0.33015873015873015,0.36268306545193674,0.33015873015873015,0.3179389794113896,0.46153846153846156,0.3333333333333333,0.3870967741935484
42,quartile,decision_tree,youden,full,kaggle+stanford_msa,mother_jones,0.49044585987261147,0.4792083712465879,0.49044585987261147,0.4778403997227112,0.6067415730337079,0.675,0.6390532544378699
42,quartile,decision_tree,youden,full,kaggle+mother_jones,stanford_msa,0.4041916167664671,0.24765149323202337,0.4041916167664671,0.30690620025571386,0.0,0.0,0.0
42,quartile,decision_tree,youden_val,full,mother_jones+stanford_msa,kaggle,0.35873015873015873,0.5410902411613313,0.35873015873015873,0.28611981305129075,0.15384615384615385,0.5333333333333333,0.23880597014925373
42,quartile,decision_tree,youden_val,full,kaggle+stanford_msa,mother_jones,0.4713375796178344,0.4383903300135366,0.4713375796178344,0.43866470213399444,0.5955056179775281,0.6708860759493671,0.6309523809523809
42,quartile,decision_tree,youden_val,full,kaggle+mother_jones,stanford_msa,0.2754491017964072,0.07587220768044749,0.2754491017964072,0.1189733209637064,0.0,0.0,0.0
42,quartile,multinomial_lr,default,full,mother_jones+stanford_msa,kaggle,0.3968253968253968,0.4016387915435535,0.3968253968253968,0.39156305183489915,0.3269230769230769,0.3090909090909091,0.3177570093457944
42,quartile,multinomial_lr,default,full,kaggle+stanford_msa,mother_jones,0.5605095541401274,0.467449534289076,0.5605095541401274,0.5044119086410376,0.8314606741573034,0.6491228070175439,0.729064039408867
42,quartile,multinomial_lr,default,full,kaggle+mother_jones,stanford_msa,0.32335329341317365,0.47740451680907847,0.32335329341317365,0.25316231086969826,0.35714285714285715,0.4166666666666667,0.38461538461538464
42,quartile,multinomial_lr,youden,full,mother_jones+stanford_msa,kaggle,0.37142857142857144,0.3884546066863931,0.37142857142857144,0.3598620860453966,0.4423076923076923,0.27380952380952384,0.3382352941176471
42,quartile,multinomial_lr,youden,full,kaggle+stanford_msa,mother_jones,0.3630573248407643,0.5178732638264066,0.3630573248407643,0.4035746848890897,0.3707865168539326,0.717391304347826,0.4888888888888889
42,quartile,multinomial_lr,youden,full,kaggle+mother_jones,stanford_msa,0.4311377245508982,0.4812319619968473,0.4311377245508982,0.43158272116864094,0.7619047619047619,0.2882882882882883,0.41830065359477125
42,quartile,multinomial_lr,youden_val,full,mother_jones+stanford_msa,kaggle,0.38412698412698415,0.3488840266014179,0.38412698412698415,0.3482682481509308,0.28846153846153844,0.3409090909090909,0.3125
42,quartile,multinomial_lr,youden_val,full,kaggle+stanford_msa,mother_jones,0.535031847133758,0.4070851553929745,0.535031847133758,0.45530966433204495,0.8539325842696629,0.5891472868217055,0.6972477064220184
42,quartile,multinomial_lr,youden_val,full,kaggle+mother_jones,stanford_msa,0.4221556886227545,0.41739038256469146,0.4221556886227545,0.41421775035006236,0.5714285714285714,0.3333333333333333,0.42105263157894735
42,quartile,naive_bayes,default,full,mother_jones+stanford_msa,kaggle,0.346031746031746,0.39291383219954645,0.346031746031746,0.22461375415101026,0.21153846153846154,0.4230769230769231,0.28205128205128205
42,quartile,naive_bayes,default,full,kaggle+stanford_msa,mother_jones,0.5031847133757962,0.537172954434101,0.5031847133757962,0.45379418267814836,0.7415730337078652,0.66,0.6984126984126984
42,quartile,naive_bayes,default,full,kaggle+mother_jones,stanford_msa,0.38023952095808383,0.453735710397387,0.38023952095808383,0.33520116346526124,0.09523809523809523,0.8,0.1702127659574468
42,quartile,naive_bayes,youden,full,mother_jones+stanford_msa,kaggle,0.326984126984127,0.40610316548329833,0.326984126984127,0.27062236980089116,0.75,0.291044776119403,0.41935483870967744
42,quartile,naive_bayes,youden,full,kaggle+stanford_msa,mother_jones,0.445859872611465,0.5523229800570904,0.445859872611465,0.46817093302537144,0.5168539325842697,0.8214285714285714,0.6344827586206897
42,quartile,naive_bayes,youden,full,kaggle+mother_jones,stanford_msa,0.36826347305389223,0.45790002201513047,0.36826347305389223,0.3290417934944036,0.09523809523809523,0.8,0.1702127659574468
42,quartile,naive_bayes,youden_val,full,mother_jones+stanford_msa,kaggle,0.31746031746031744,0.2998290598290598,0.31746031746031744,0.28044679600235156,0.3269230769230769,0.26153846153846155,0.2905982905982906
42,quartile,naive_bayes,youden_val,full,kaggle+stanford_msa,mother_jones,0.4840764331210191,0.3802409304901689,0.4840764331210191,0.4255294474477689,0.797752808988764,0.6173913043478261,0.696078431372549
42,quartile,naive_bayes,youden_val,full,kaggle+mother_jones,stanford_msa,0.40119760479041916,0.3747547794608116,0.40119760479041916,0.36666070516313803,0.3333333333333333,0.4117647058823529,0.3684210526315789
43,rule,decision_tree,default,ctx,mother_jones+stanford_msa,kaggle,0.4095238095238095,0.7359040762631708,0.4095238095238095,0.5003112583214107,0.10526315789473684,0.3333333333333333,0.16
43,rule,decision_tree,default,ctx,kaggle+stanford_msa,mother_jones,0.29936305732484075,0.15311440152204484,0.29936305732484075,0.14860267279698786,0.0,0.0,0.0
43,rule,decision_tree,default,ctx,kaggle+mother_jones,stanford_msa,0.3592814371257485,0.8105892948079545,0.3592814371257485,0.46822900104073095,0.06666666666666667,0.14285714285714285,0.09090909090909091
43,rule,decision_tree,youden,ctx,mother_jones+stanford_msa,kaggle,0.4095238095238095,0.7359040762631708,0.4095238095238095,0.5003112583214107,0.10526315789473684,0.3333333333333333,0.16
43,rule,decision_tree,youden,ctx,kaggle+stanford_msa,mother_jones,0.09554140127388536,0.07180081065431385,0.09554140127388536,0.026442771665701602,1.0,0.09090909090909091,0.16666666666666666
43,rule,decision_tree,youden,ctx,kaggle+mother_jones,stanford_msa,0.3592814371257485,0.8105892948079545,0.3592814371257485,0.46822900104073095,0.06666666666666667,0.14285714285714285,0.09090909090909091
43,rule,decision_tree,youden_val,ctx,mother_jones+stanford_msa,kaggle,0.32063492063492066,0.7639075361228275,0.32063492063492066,0.37386962000689833,0.0,0.0,0.0
43,rule,decision_tree,youden_val,ctx,kaggle+stanford_msa,mother_jones,0.12738853503184713,0.016331863465621425,0.12738853503184713,0.028951939779965255,0.0,0.0,0.0
43,rule,decision_tree,youden_val,ctx,kaggle+mother_jones,stanford_msa,0.36227544910179643,0.8341136746197594,0.36227544910179643,0.4741262973571889,0.0,0.0,0.0
43,rule,multinomial_lr,default,ctx,mother_jones+stanford_msa,kaggle,0.4666666666666667,0.7453743613278768,0.4666666666666667,0.5541203101980615,0.3684210526315789,0.10606060606060606,0.16470588235294117
43,rule,multinomial_lr,default,ctx,kaggle+stanford_msa,mother_jones,0.267515923566879,0.1440289847597927,0.267515923566879,0.1822919295584237,0.2857142857142857,0.26666666666666666,0.27586206896551724
43,rule,multinomial_lr,default,ctx,kaggle+mother_jones,stanford_msa,0.4491017964071856,0.8314187851248036,0.4491017964071856,0.5558087126359033,0.06666666666666667,0.14285714285714285,0.09090909090909091
43,rule,multinomial_lr,youden,ctx,mother_jones+stanford_msa,kaggle,0.3619047619047619,0.773852779339849,0.3619047619047619,0.4545443605195467,0.47368421052631576,0.08571428571428572,0.14516129032258066
43,rule,multinomial_lr,youden,ctx,kaggle+stanford_msa,mother_jones,0.2929936305732484,0.15174222555264144,0.2929936305732484,0.14629415170816445,0.0,0.0,0.0
43,rule,multinomial_lr,youden,ctx,kaggle+mother_jones,stanford_msa,0.4281437125748503,0.8105843861768987,0.4281437125748503,0.5339568153665568,0.26666666666666666,0.08163265306122448,0.125
43,rule,multinomial_lr,youden_val,ctx,mother_jones+stanford_msa,kaggle,0.38412698412698415,0.7923143611671704,0.38412698412698415,0.4596487461748469,0.10526315789473684,0.3333333333333333,0.16
43,rule,multinomial_lr,youden_val,ctx,kaggle+stanford_msa,mother_jones,0.28662420382165604,0.2793240845766803,0.28662420382165604,0.16074619133297482,0.0,0.0,0.0
43,rule,multinomial_lr,youden_val,ctx,kaggle+mother_jones,stanford_msa,0.49101796407185627,0.8296742204082964,0.49101796407185627,0.5607300019843353,0.0,0.0,0.0
43,rule,naive_bayes,default,ctx,mother_jones+stanford_msa,kaggle,0.12698412698412698,0.7490423280423281,0.12698412698412698,0.14790050005523633,0.2631578947368421,0.043859649122807015,0.07518796992481203
43,rule,naive_bayes,default,ctx,kaggle+stanford_msa,mother_jones,0.09554140127388536,0.03374530729320454,0.09554140127388536,0.02532329666087628,1.0,0.09271523178807947,0.1696969696969697
43,rule,naive_bayes,default,ctx,kaggle+mother_jones,stanford_msa,0.12874251497005987,0.8208725406330197,0.12874251497005987,0.15857196761452397,0.9333333333333333,0.07142857142857142,0.13270142180094788
43,rule,naive_bayes,youden,ctx,mother_jones+stanford_msa,kaggle,0.13333333333333333,0.7501507024265645,0.13333333333333333,0.14993975332515694,0.5263157894736842,0.05747126436781609,0.10362694300518134
43,rule,naive_bayes,youden,ctx,kaggle+stanford_msa,mother_jones,0.28662420382165604,0.1392781316348195,0.28662420382165604,0.16305732484076435,0.21428571428571427,0.3,0.25
43,rule,naive_bayes,youden,ctx,kaggle+mother_jones,stanford_msa,0.1317365269461078,0.8218298696724199,0.1317365269461078,0.1601998036205444,0.6666666666666666,0.07352941176470588,0.13245033112582782
43,rule,naive_bayes,youden_val,ctx,mother_jones+stanford_msa,kaggle,0.13015873015873017,0.7576683977020393,0.13015873015873017,0.1564322959885822,0.15789473684210525,0.04,0.06382978723404255
43,rule,naive_bayes,youden_val,ctx,kaggle+stanford_msa,mother_jones,0.09554140127388536,0.03374530729320454,0.09554140127388536,0.02532329666087628,1.0,0.09271523178807947,0.1696969696969697
43,rule,naive_bayes,youden_val,ctx,kaggle+mother_jones,stanford_msa,0.4550898203592814,0.8285904989240629,0.4550898203592814,0.5483599254865609,0.06666666666666667,0.14285714285714285,0.09090909090909091
43,rule,decision_tree,default,full,mother_jones+stanford_msa,kaggle,0.6,0.6884936517967907,0.6,0.6288013118107787,0.21052631578947367,0.21052631578947367,0.21052631578947367
43,rule,decision_tree,default,full,kaggle+stanford_msa,mother_jones,0.17197452229299362,0.20136734238819573,0.17197452229299362,0.10931349058855332,0.42857142857142855,0.08,0.1348314606741573
43,rule,decision_tree,default,full,kaggle+mother_jones,stanford_msa,0.6017964071856288,0.7755439820276016,0.6017964071856288,0.6631116134038906,0.26666666666666666,0.11428571428571428,0.16
43,rule,decision_tree,youden,full,mother_jones+stanford_msa,kaggle,0.3333333333333333,0.7873870516303331,0.3333333333333333,0.38403771282416943,0.21052631578947367,0.21052631578947367,0.21052631578947367
43,rule,decision_tree,youden,full,kaggle+stanford_msa,mother_jones,0.17197452229299362,0.20136734238819573,0.17197452229299362,0.10931349058855332,0.42857142857142855,0.08,0.1348314606741573
43,rule,decision_tree,youden,full,kaggle+mother_jones,stanford_msa,0.3772455089820359,0.8293067074959812,0.3772455089820359,0.44159571720365454,0.26666666666666666,0.11428571428571428,0.16
43,rule,decision_tree,youden_val,full,mother_jones+stanford_msa,kaggle,0.2857142857142857,0.8043169579242884,0.2857142857142857,0.37366206729661977,0.7368421052631579,0.07526881720430108,0.13658536585365855
43,rule,decision_tree,youden_val,full,kaggle+stanford_msa,mother_jones,0.2611464968152866,0.15821760939432492,0.2611464968152866,0.18837992018352367,0.5,0.1320754716981132,0.208955223880597
43,rule,decision_tree,youden_val,full,kaggle+mother_jones,stanford_msa,0.3712574850299401,0.7660997771189821,0.3712574850299401,0.4650624936528712,0.7333333333333333,0.08029197080291971,0.14473684210526316
43,rule,multinomial_lr,default,full,mother_jones+stanford_msa,kaggle,0.5714285714285714,0.7520022079269627,0.5714285714285714,0.6365763227643586,0.3157894736842105,0.14634146341463414,0.2
43,rule,multinomial_lr,default,full,kaggle+stanford_msa,mother_jones,0.28662420382165604,0.40673042040595425,0.28662420382165604,0.23409019024062758,0.2857142857142857,0.25,0.26666666666666666
43,rule,multinomial_lr,default,full,kaggle+mother_jones,stanford_msa,0.6467065868263473,0.7617362334155219,0.6467065868263473,0.6910192525953633,0.06666666666666667,0.06666666666666667,0.06666666666666667
43,rule,multinomial_lr,youden,full,mother_jones+stanford_msa,kaggle,0.47619047619047616,0.7777729044364702,0.47619047619047616,0.5575240303717757,0.3684210526315789,0.12962962962962962,0.1917808219178082
43,rule,multinomial_lr,youden,full,kaggle+stanford_msa,mother_jones,0.3248407643312102,0.451908633229597,0.3248407643312102,0.3034705528850965,0.2857142857142857,0.3076923076923077,0.2962962962962963
43,rule,multinomial_lr,youden,full,kaggle+mother_jones,stanford_msa,0.49700598802395207,0.8336913075942428,0.49700598802395207,0.5791506779679318,0.2,0.08823529411764706,0.12244897959183673
43,rule,multinomial_lr,youden_val,full,mother_jones+stanford_msa,kaggle,0.5365079365079365,0.745781161467436,0.5365079365079365,0.597764345739462,0.21052631578947367,0.2222222222222222,0.21621621621621623
43,rule,multinomial_lr,youden_val,full,kaggle+stanford_msa,mother_jones,0.25477707006369427,0.422390984811367,0.25477707006369427,0.19683217721248314,0.5,0.14285714285714285,0.2222222222222222
43,rule,multinomial_lr,youden_val,full,kaggle+mother_jones,stanford_msa,0.688622754491018,0.7953661744120277,0.688622754491018,0.7229319396210626,0.13333333333333333,0.11764705882352941,0.125
43,rule,naive_bayes,default,full,mother_jones+stanford_msa,kaggle,0.1523809523809524,0.7549633924204268,0.1523809523809524,0.16808119455661227,0.5263157894736842,0.05434782608695652,0.09852216748768473
43,rule,naive_bayes,default,full,kaggle+stanford_msa,mother_jones,0.10828025477707007,0.08748148941105105,0.10828025477707007,0.06585137127820175,0.7857142857142857,0.09243697478991597,0.16541353383458646
43,rule,naive_bayes,default,full,kaggle+mother_jones,stanford_msa,0.4251497005988024,0.8115601576470536,0.4251497005988024,0.52569778036062,0.9333333333333333,0.07142857142857142,0.13270142180094788
43,rule,naive_bayes,youden,full,mother_jones+stanford_msa,kaggle,0.4444444444444444,0.7757221245829039,0.4444444444444444,0.5290182570538616,0.15789473684210525,0.14285714285714285,0.15
43,rule,naive_bayes,youden,full,kaggle+stanford_msa,mother_jones,0.14012738853503184,0.43678916200985707,0.14012738853503184,0.12238306637587638,0.5,0.12280701754385964,0.19718309859154928
43,rule,naive_bayes,youden,full,kaggle+mother_jones,stanford_msa,0.4491017964071856,0.8479488206685222,0.4491017964071856,0.543762194254068,0.8666666666666667,0.09154929577464789,0.16560509554140126
43,rule,naive_bayes,youden_val,full,mother_jones+stanford_msa,kaggle,0.346031746031746,0.7774481493749882,0.346031746031746,0.4283797232826847,0.10526315789473684,0.15384615384615385,0.125
43,rule,naive_bayes,youden_val,full,kaggle+stanford_msa,mother_jones,0.1910828025477707,0.10844301282144714,0.1910828025477707,0.13062284870412205,0.5,0.10144927536231885,0.1686746987951807
43,rule,naive_bayes,youden_val,full,kaggle+mother_jones,stanford_msa,0.1437125748502994,0.8230223763000316,0.1437125748502994,0.1759941604737022,0.9333333333333333,0.05263157894736842,0.099644128113879
43,std,decision_tree,default,ctx,mother_jones+stanford_msa,kaggle,0.4222222222222222,0.9098695743072642,0.4222222222222222,0.5496171237671099,0.0,0.0,0.0
43,std,decision_tree,default,ctx,kaggle+stanford_msa,mother_jones,0.12101910828025478,0.04501454414939494,0.12101910828025478,0.06062836369920505,0.4782608695652174,0.2682926829268293,0.34375
43,std,decision_tree,default,ctx,kaggle+mother_jones,stanford_msa,0.3592814371257485,0.9455894346018784,0.3592814371257485,0.495017121392278,0.8888888888888888,0.04020100502512563,0.07692307692307693
43,std,decision_tree,youden,ctx,mother_jones+stanford_msa,kaggle,0.4222222222222222,0.9098695743072642,0.4222222222222222,0.5496171237671099,0.0,0.0,0.0
43,std,decision_tree,youden,ctx,kaggle+stanford_msa,mother_jones,0.1592356687898089,0.036575036316906916,0.1592356687898089,0.05948645109745001,0.9130434782608695,0.21,0.34146341463414637
43,std,decision_tree,youden,ctx,kaggle+mother_jones,stanford_msa,0.3532934131736527,0.9442557934324401,0.3532934131736527,0.49282841851586756,0.0,0.0,0.0
43,std,decision_tree,youden_val,ctx,mother_jones+stanford_msa,kaggle,0.4253968253968254,0.9100439572712986,0.4253968253968254,0.5527461950721103,0.0,0.0,0.0
43,std,decision_tree,youden_val,ctx,kaggle+stanford_msa,mother_jones,0.12101910828025478,0.04501454414939494,0.12101910828025478,0.06062836369920505,0.4782608695652174,0.2682926829268293,0.34375
43,std,decision_tree,youden_val,ctx,kaggle+mother_jones,stanford_msa,0.09281437125748503,0.9114801293540418,0.09281437125748503,0.12436679061232374,1.0,0.028938906752411574,0.05625
43,std,multinomial_lr,default,ctx,mother_jones+stanford_msa,kaggle,0.45714285714285713,0.913762706724903,0.45714285714285713,0.5867432566021967,0.36363636363636365,0.05970149253731343,0.10256410256410256
43,std,multinomial_lr,default,ctx,kaggle+stanford_msa,mother_jones,0.1592356687898089,0.8195455048026121,0.1592356687898089,0.12678722266250517,0.5217391304347826,0.2926829268292683,0.375
43,std,multinomial_lr,default,ctx,kaggle+mother_jones,stanford_msa,0.5059880239520959,0.9551048054042067,0.5059880239520959,0.639942295999982,0.8888888888888888,0.05405405405405406,0.10191082802547771
43,std,multinomial_lr,youden,ctx,mother_jones+stanford_msa,kaggle,0.4603174603174603,0.9209352209352208,0.4603174603174603,0.5889333311620093,0.45454545454545453,0.07352941176470588,0.12658227848101267
43,std,multinomial_lr,youden,ctx,kaggle+stanford_msa,mother_jones,0.1592356687898089,0.8195455048026121,0.1592356687898089,0.12678722266250517,0.5217391304347826,0.2926829268292683,0.375
43,std,multinomial_lr,youden,ctx,kaggle+mother_jones,stanford_msa,0.5059880239520959,0.9552237199457857,0.5059880239520959,0.6403120559353548,0.5555555555555556,0.08196721311475409,0.14285714285714285
43,std,multinomial_lr,youden_val,ctx,mother_jones+stanford_msa,kaggle,0.4634920634920635,0.914728889173668,0.4634920634920635,0.5882814941140392,0.7272727272727273,0.06299212598425197,0.11594202898550725
43,std,multinomial_lr,youden_val,ctx,kaggle+stanford_msa,mother_jones,0.1592356687898089,0.8195455048026121,0.1592356687898089,0.12678722266250517,0.5217391304347826,0.2926829268292683,0.375
43,std,multinomial_lr,youden_val,ctx,kaggle+mother_jones,stanford_msa,0.49101796407185627,0.9545833534312272,0.49101796407185627,0.6256326140035939,1.0,0.056962025316455694,0.10778443113772455
43,std,naive_bayes,default,ctx,mother_jones+stanford_msa,kaggle,0.44761904761904764,0.9143944517378102,0.44761904761904764,0.5747145469479474,0.09090909090909091,0.09090909090909091,0.09090909090909091
43,std,naive_bayes,default,ctx,kaggle+stanford_msa,mother_jones,0.09554140127388536,0.7986261518153508,0.09554140127388536,0.041292969870509476,0.08695652173913043,0.14285714285714285,0.10810810810810811
43,std,naive_bayes,default,ctx,kaggle+mother_jones,stanford_msa,0.11377245508982035,0.9545264151499956,0.11377245508982035,0.16748551267220077,0.1111111111111111,0.07142857142857142,0.08695652173913043
43,std,naive_bayes,youden,ctx,mother_jones+stanford_msa,kaggle,0.44761904761904764,0.9134022512727814,0.44761904761904764,0.5752326221204005,0.45454545454545453,0.06097560975609756,0.10752688172043011
43,std,naive_bayes,youden,ctx,kaggle+stanford_msa,mother_jones,0.12738853503184713,0.8155678789979374,0.12738853503184713,0.07204362870012203,0.43478260869565216,0.2631578947368421,0.32786885245901637
43,std,naive_bayes,youden,ctx,kaggle+mother_jones,stanford_msa,0.11976047904191617,0.9540970319616843,0.11976047904191617,0.16784811038667857,0.5555555555555556,0.056179775280898875,0.10204081632653061
43,std,naive_bayes,youden_val,ctx,mother_jones+stanford_msa,kaggle,0.4507936507936508,0.9143106436447426,0.4507936507936508,0.577646360146445,0.09090909090909091,0.08333333333333333,0.08695652173913043
43,std,naive_bayes,youden_val,ctx,kaggle+stanford_msa,mother_jones,0.17197452229299362,0.808431511316487,0.17197452229299362,0.07408818702768917,0.9565217391304348,0.21568627450980393,0.352
43,std,naive_bayes,youden_val,ctx,kaggle+mother_jones,stanford_msa,0.11976047904191617,0.9536060610217376,0.11976047904191617,0.16702967093873125,1.0,0.049723756906077346,0.09473684210526316
43,std,decision_tree,default,full,mother_jones+stanford_msa,kaggle,0.6730158730158731,0.925076401409024,0.673015873015873,0.760051303472356,0.8181818181818182,0.11688311688311688,0.20454545454545456
43,std,decision_tree,default,full,kaggle+stanford_msa,mother_jones,0.4968152866242038,0.7082448690728945,0.4968152866242038,0.5397091923466569,0.7391304347826086,0.2698412698412698,0.3953488372093023
43,std,decision_tree,default,full,kaggle+mother_jones,stanford_msa,0.7335329341317365,0.9537585219355095,0.7335329341317365,0.8136477243142175,0.8888888888888888,0.14035087719298245,0.24242424242424243
43,std,decision_tree,youden,full,mother_jones+stanford_msa,kaggle,0.6730158730158731,0.925076401409024,0.673015873015873,0.760051303472356,0.8181818181818182,0.11688311688311688,0.20454545454545456
43,std,decision_tree,youden,full,kaggle+stanford_msa,mother_jones,0.5031847133757962,0.7105353829377025,0.5031847133757962,0.5459577304544323,0.7391304347826086,0.2698412698412698,0.3953488372093023
43,std,decision_tree,youden,full,kaggle+mother_jones,stanford_msa,0.7335329341317365,0.9537585219355095,0.7335329341317365,0.8136477243142175,0.8888888888888888,0.14035087719298245,0.24242424242424243
43,std,decision_tree,youden_val,full,mother_jones+stanford_msa,kaggle,0.6730158730158731,0.9249033454813067,0.673015873015873,0.7600214801666707,0.7272727272727273,0.11940298507462686,0.20512820512820512
43,std,decision_tree,youden_val,full,kaggle+stanford_msa,mother_jones,0.45222929936305734,0.7506682626411725,0.45222929936305734,0.5353008380406742,0.34782608695652173,0.6153846153846154,0.4444444444444444
43,std,decision_tree,youden_val,full,kaggle+mother_jones,stanford_msa,0.6826347305389222,0.9483119238307418,0.6826347305389222,0.7779923319149505,0.7777777777777778,0.1320754716981132,0.22580645161290322
43,std,multinomial_lr,default,full,mother_jones+stanford_msa,kaggle,0.7333333333333333,0.9158120136943667,0.7333333333333333,0.8020430143395785,0.36363636363636365,0.18181818181818182,0.24242424242424243
43,std,multinomial_lr,default,full,kaggle+stanford_msa,mother_jones,0.28662420382165604,0.7568068850368582,0.28662420382165604,0.3410652317153525,0.43478260869565216,0.4,0.4166666666666667
43,std,multinomial_lr,default,full,kaggle+mother_jones,stanford_msa,0.8143712574850299,0.9518891918040987,0.8143712574850299,0.8679374147674659,0.8888888888888888,0.14035087719298245,0.24242424242424243
43,std,multinomial_lr,youden,full,mother_jones+stanford_msa,kaggle,0.7015873015873015,0.91561720582577,0.7015873015873016,0.7826007263019972,0.36363636363636365,0.09302325581395349,0.14814814814814814
43,std,multinomial_lr,youden,full,kaggle+stanford_msa,mother_jones,0.5159235668789809,0.7466076979939851,0.5159235668789809,0.5755333131129309,0.6086956521739131,0.3783783783783784,0.4666666666666667
43,std,multinomial_lr,youden,full,kaggle+mother_jones,stanford_msa,0.7634730538922155,0.9549802528523658,0.7634730538922156,0.8362880092812766,0.6666666666666666,0.18181818181818182,0.2857142857142857
43,std,multinomial_lr,youden_val,full,mother_jones+stanford_msa,kaggle,0.7682539682539683,0.917128006219916,0.7682539682539683,0.8264416374516262,0.36363636363636365,0.17391304347826086,0.23529411764705882
43,std,multinomial_lr,youden_val,full,kaggle+stanford_msa,mother_jones,0.2229299363057325,0.712009767805108,0.2229299363057325,0.24787833095021447,0.43478260869565216,0.38461538461538464,0.40816326530612246
43,std,multinomial_lr,youden_val,full,kaggle+mother_jones,stanford_msa,0.7485029940119761,0.9505402034677523,0.7485029940119762,0.8244120203779832,1.0,0.10465116279069768,0.18947368421052632
43,std,naive_bayes,default,full,mother_jones+stanford_msa,kaggle,0.44761904761904764,0.9139302186150076,0.44761904761904764,0.5744926348212733,0.09090909090909091,0.07692307692307693,0.08333333333333333
43,std,naive_bayes,default,full,kaggle+stanford_msa,mother_jones,0.16560509554140126,0.6877919320594481,0.16560509554140126,0.16960800533299594,0.043478260869565216,0.08333333333333333,0.05714285714285714
43,std,naive_bayes,default,full,kaggle+mother_jones,stanford_msa,0.11377245508982035,0.9545264151499956,0.11377245508982035,0.16748551267220077,0.1111111111111111,0.07142857142857142,0.08695652173913043
43,std,naive_bayes,youden,full,mother_jones+stanford_msa,kaggle,0.5587301587301587,0.9161034603543313,0.5587301587301587,0.673956397421748,0.7272727272727273,0.06504065040650407,0.11940298507462686
43,std,naive_bayes,youden,full,kaggle+stanford_msa,mother_jones,0.28662420382165604,0.6935293469307253,0.28662420382165604,0.28902948836024633,0.782608695652174,0.29508196721311475,0.42857142857142855
43,std,naive_bayes,youden,full,kaggle+mother_jones,stanford_msa,0.3203592814371258,0.9543613803321193,0.3203592814371258,0.44926719159349604,0.6666666666666666,0.061855670103092786,0.11320754716981132
43,std,naive_bayes,youden_val,full,mother_jones+stanford_msa,kaggle,0.4634920634920635,0.9148909310312817,0.4634920634920635,0.5833064869561531,0.45454545454545453,0.07575757575757576,0.12987012987012986
43,std,naive_bayes,youden_val,full,kaggle+stanford_msa,mother_jones,0.22929936305732485,0.7254465657580503,0.22929936305732485,0.2318319062523093,0.5217391304347826,0.2553191489361702,0.34285714285714286
43,std,naive_bayes,youden_val,full,kaggle+mother_jones,stanford_msa,0.2245508982035928,0.954670575937025,0.2245508982035928,0.31964529848609063,0.8888888888888888,0.07692307692307693,0.1415929203539823
43,quartile,decision_tree,default,ctx,mother_jones+stanford_msa,kaggle,0.2761904761904762,0.23216841275030226,0.2761904761904762,0.21930632136190817,0.8653846153846154,0.23809523809523808,0.37344398340248963
43,quartile,decision_tree,default,ctx,kaggle+stanford_msa,mother_jones,0.5605095541401274,0.31977788665686757,0.5605095541401274,0.4072273495385415,0.9887640449438202,0.5641025641025641,0.7183673469387755
43,quartile,decision_tree,default,ctx,kaggle+mother_jones,stanford_msa,0.32335329341317365,0.2912425149700599,0.32335329341317365,0.2670700054879065,1.0,0.1875,0.3157894736842105
43,quartile,decision_tree,youden,ctx,mother_jones+stanford_msa,kaggle,0.3111111111111111,0.2690542782075963,0.3111111111111111,0.26432509235578294,0.0,0.0,0.0
43,quartile,decision_tree,youden,ctx,kaggle+stanford_msa,mother_jones,0.25477707006369427,0.4880916273090977,0.25477707006369427,0.15805277525022748,0.07865168539325842,0.7777777777777778,0.14285714285714285
43,quartile,decision_tree,youden,ctx,kaggle+mother_jones,stanford_msa,0.3143712574850299,0.29424989307100086,0.3143712574850299,0.2706696960589176,0.0,0.0,0.0
43,quartile,decision_tree,youden_val,ctx,mother_jones+stanford_msa,kaggle,0.2634920634920635,0.17635766894041469,0.2634920634920635,0.18871590201284885,0.2692307692307692,0.2222222222222222,0.24347826086956523
43,quartile,decision_tree,youden_val,ctx,kaggle+stanford_msa,mother_jones,0.554140127388535,0.31818368604890074,0.554140127388535,0.40424976506212806,0.9775280898876404,0.5612903225806452,0.7131147540983607
43,quartile,decision_tree,youden_val,ctx,kaggle+mother_jones,stanford_msa,0.3143712574850299,0.29424989307100086,0.3143712574850299,0.2706696960589176,0.0,0.0,0.0
43,quartile,multinomial_lr,default,ctx,mother_jones+stanford_msa,kaggle,0.3047619047619048,0.32723991953683834,0.3047619047619048,0.2953798752801474,0.6346153846153846,0.2619047619047619,0.3707865168539326
43,quartile,multinomial_lr,default,ctx,kaggle+stanford_msa,mother_jones,0.4140127388535032,0.43070837843049864,0.4140127388535032,0.41139087995914364,0.5168539325842697,0.6388888888888888,0.5714285714285714
43,quartile,multinomial_lr,default,ctx,kaggle+mother_jones,stanford_msa,0.2874251497005988,0.43234784583656605,0.2874251497005988,0.24756692591004992,0.8095238095238095,0.2361111111111111,0.3655913978494624
43,quartile,multinomial_lr,youden,ctx,mother_jones+stanford_msa,kaggle,0.3142857142857143,0.3122176709730848,0.3142857142857143,0.31235472233343775,0.2692307692307692,0.23333333333333334,0.25
43,quartile,multinomial_lr,youden,ctx,kaggle+stanford_msa,mother_jones,0.2356687898089172,0.5272985280211855,0.2356687898089172,0.2289589459979166,0.1348314606741573,0.8,0.23076923076923078
43,quartile,multinomial_lr,youden,ctx,kaggle+mother_jones,stanford_msa,0.2874251497005988,0.43234784583656605,0.2874251497005988,0.24756692591004992,0.8095238095238095,0.2361111111111111,0.3655913978494624
43,quartile,multinomial_lr,youden_val,ctx,mother_jones+stanford_msa,kaggle,0.2920634920634921,0.23594754266945797,0.2920634920634921,0.22187862332345318,0.8653846153846154,0.24861878453038674,0.38626609442060084
43,quartile,multinomial_lr,youden_val,ctx,kaggle+stanford_msa,mother_jones,0.5668789808917197,0.4805015396296453,0.5668789808917197,0.44034831009353304,0.9662921348314607,0.5695364238410596,0.7166666666666667
43,quartile,multinomial_lr,youden_val,ctx,kaggle+mother_jones,stanford_msa,0.26646706586826346,0.1706931252458993,0.26646706586826346,0.1626139365319037,0.8333333333333334,0.23178807947019867,0.3626943005181347
43,quartile,naive_bayes,default,ctx,mother_jones+stanford_msa,kaggle,0.2761904761904762,0.22009182489408477,0.2761904761904762,0.21723084376768917,0.8653846153846154,0.2542372881355932,0.3930131004366812
43,quartile,naive_bayes,default,ctx,kaggle+stanford_msa,mother_jones,0.18471337579617833,0.4822806829738264,0.18471337579617833,0.17606750144448696,0.1348314606741573,0.8,0.23076923076923078
43,quartile,naive_bayes,default,ctx,kaggle+mother_jones,stanford_msa,0.37425149700598803,0.5111168196152075,0.37425149700598803,0.33505615615240103,0.11904761904761904,0.7142857142857143,0.20408163265306123
43,quartile,naive_bayes,youden,ctx,mother_jones+stanford_msa,kaggle,0.27936507936507937,0.21206593853691394,0.27936507936507937,0.22823225585691398,0.6923076923076923,0.2535211267605634,0.3711340206185567
43,quartile,naive_bayes,youden,ctx,kaggle+stanford_msa,mother_jones,0.21019108280254778,0.5164481079055826,0.21019108280254778,0.2132806591096122,0.1348314606741573,0.8,0.23076923076923078
43,quartile,naive_bayes,youden,ctx,kaggle+mother_jones,stanford_msa,0.3652694610778443,0.4688559776950926,0.3652694610778443,0.3556764386383185,0.11904761904761904,0.7142857142857143,0.20408163265306123
43,quartile,naive_bayes,youden_val,ctx,mother_jones+stanford_msa,kaggle,0.28253968253968254,0.11942554799697658,0.28253968253968254,0.16787586944890318,0.6346153846153846,0.2619047619047619,0.3707865168539326
43,quartile,naive_bayes,youden_val,ctx,kaggle+stanford_msa,mother_jones,0.18471337579617833,0.4820538607665661,0.18471337579617833,0.1758193908812118,0.1348314606741573,0.8,0.23076923076923078
43,quartile,naive_bayes,youden_val,ctx,kaggle+mother_jones,stanford_msa,0.4101796407185629,0.4485500807064996,0.4101796407185629,0.35229869492966387,0.9285714285714286,0.23780487804878048,0.3786407766990291
43,quartile,decision_tree,default,full,mother_jones+stanford_msa,kaggle,0.2761904761904762,0.37647165532879817,0.2761904761904762,0.23630532560357123,0.1346153846153846,0.5384615384615384,0.2153846153846154
43,quartile,decision_tree,default,full,kaggle+stanford_msa,mother_jones,0.47770700636942676,0.48576399794384767,0.47770700636942676,0.4740422434729831,0.6067415730337079,0.675,0.6390532544378699
43,quartile,decision_tree,default,full,kaggle+mother_jones,stanford_msa,0.4161676646706587,0.227702204287078,0.4161676646706587,0.2915405829921699,0.0,0.0,0.0
43,quartile,decision_tree,youden,full,mother_jones+stanford_msa,kaggle,0.2857142857142857,0.2688266266958761,0.2857142857142857,0.1625105154892389,0.1346153846153846,0.5384615384615384,0.2153846153846154
43,quartile,decision_tree,youden,full,kaggle+stanford_msa,mother_jones,0.4840764331210191,0.4809993114133242,0.4840764331210191,0.4762397294771299,0.6067415730337079,0.675,0.6390532544378699
43,quartile,decision_tree,youden,full,kaggle+mother_jones,stanford_msa,0.3143712574850299,0.30979513550563526,0.3143712574850299,0.2884325004267969,0.6904761904761905,0.1686046511627907,0.27102803738317754
43,quartile,decision_tree,youden_val,full,mother_jones+stanford_msa,kaggle,0.3142857142857143,0.25686058217561647,0.3142857142857143,0.239527308271007,0.1346153846153846,0.4666666666666667,0.208955223880597
43,quartile,decision_tree,youden_val,full,kaggle+stanford_msa,mother_jones,0.4140127388535032,0.4155534515407127,0.4140127388535032,0.4070164137932776,0.6067415730337079,0.675,0.6390532544378699
43,quartile,decision_tree,youden_val,full,kaggle+mother_jones,stanford_msa,0.218562874251497,0.099371699949854,0.218562874251497,0.13181358801384574,0.0,0.0,0.0
43,quartile,multinomial_lr,default,full,mother_jones+stanford_msa,kaggle,0.3523809523809524,0.36008203627172564,0.3523809523809524,0.35145392574373924,0.4230769230769231,0.3235294117647059,0.36666666666666664
43,quartile,multinomial_lr,default,full,kaggle+stanford_msa,mother_jones,0.5605095541401274,0.44559921607055364,0.5605095541401274,0.48691911645265407,0.8764044943820225,0.624,0.7289719626168224
43,quartile,multinomial_lr,default,full,kaggle+mother_jones,stanford_msa,0.3712574850299401,0.470307696476174,0.3712574850299401,0.3629207632480398,0.5,0.42857142857142855,0.46153846153846156
43,quartile,multinomial_lr,youden,full,mother_jones+stanford_msa,kaggle,0.31746031746031744,0.35916467903725185,0.31746031746031744,0.28935883075435387,0.6153846153846154,0.3106796116504854,0.4129032258064516
43,quartile,multinomial_lr,youden,full,kaggle+stanford_msa,mother_jones,0.5159235668789809,0.48907695277122026,0.5159235668789809,0.5007080384651699,0.6966292134831461,0.6666666666666666,0.6813186813186813
43,quartile,multinomial_lr,youden,full,kaggle+mother_jones,stanford_msa,0.3712574850299401,0.46064499534298475,0.3712574850299401,0.3793280817138286,0.5238095238095238,0.43137254901960786,0.4731182795698925
43,quartile,multinomial_lr,youden_val,full,mother_jones+stanford_msa,kaggle,0.37777777777777777,0.3747593253162923,0.37777777777777777,0.3605181057169054,0.21153846153846154,0.3235294117647059,0.2558139534883721
43,quartile,multinomial_lr,youden_val,full,kaggle+stanford_msa,mother_jones,0.5605095541401274,0.5209914151204652,0.5605095541401274,0.513556746869046,0.8202247191011236,0.6347826086956522,0.7156862745098039
43,quartile,multinomial_lr,youden_val,full,kaggle+mother_jones,stanford_msa,0.3323353293413174,0.49453711561541114,0.3323353293413174,0.2599118567312557,0.5,0.3387096774193548,0.40384615384615385
43,quartile,naive_bayes,default,full,mother_jones+stanford_msa,kaggle,0.34285714285714286,0.3451020408163265,0.34285714285714286,0.21877436632848304,0.23076923076923078,0.4,0.2926829268292683
43,quartile,naive_bayes,default,full,kaggle+stanford_msa,mother_jones,0.5031847133757962,0.48068268450434054,0.5031847133757962,0.43619206983235914,0.7752808988764045,0.6216216216216216,0.69
43,quartile,naive_bayes,default,full,kaggle+mother_jones,stanford_msa,0.38622754491017963,0.45434073884511034,0.38622754491017963,0.33977440256265584,0.09523809523809523,0.8,0.1702127659574468
43,quartile,naive_bayes,youden,full,mother_jones+stanford_msa,kaggle,0.3111111111111111,0.39125917033480057,0.3111111111111111,0.2480426445164239,0.7307692307692307,0.2714285714285714,0.3958333333333333
43,quartile,naive_bayes,youden,full,kaggle+stanford_msa,mother_jones,0.445859872611465,0.5063082649643302,0.445859872611465,0.4538399771101108,0.5168539325842697,0.7419354838709677,0.609271523178808
43,quartile,naive_bayes,youden,full,kaggle+mother_jones,stanford_msa,0.36826347305389223,0.46870283033214644,0.36826347305389223,0.32920338436609203,0.09523809523809523,0.8,0.1702127659574468
43,quartile,naive_bayes,youden_val,full,mother_jones+stanford_msa,kaggle,0.3333333333333333,0.3286432439285278,0.3333333333333333,0.22988996638034212,0.5384615384615384,0.27184466019417475,0.36129032258064514
43,quartile,naive_bayes,youden_val,full,kaggle+stanford_msa,mother_jones,0.4840764331210191,0.6026404527617283,0.4840764331210191,0.4395711225309933,0.7415730337078652,0.6470588235294118,0.6910994764397905
43,quartile,naive_bayes,youden_val,full,kaggle+mother_jones,stanford_msa,0.4491017964071856,0.46578347831032113,0.4491017964071856,0.4234346889398814,0.6666666666666666,0.28,0.39436619718309857
44,rule,decision_tree,default,ctx,mother_jones+stanford_msa,kaggle,0.4095238095238095,0.7359040762631708,0.4095238095238095,0.5003112583214107,0.10526315789473684,0.3333333333333333,0.16
44,rule,decision_tree,default,ctx,kaggle+stanford_msa,mother_jones,0.29936305732484075,0.15311440152204484,0.29936305732484075,0.14860267279698786,0.0,0.0,0.0
44,rule,decision_tree,default,ctx,kaggle+mother_jones,stanford_msa,0.3592814371257485,0.8105892948079545,0.3592814371257485,0.46822900104073095,0.06666666666666667,0.14285714285714285,0.09090909090909091
44,rule,decision_tree,youden,ctx,mother_jones+stanford_msa,kaggle,0.30793650793650795,0.7550691638900261,0.30793650793650795,0.3983989251142446,0.21052631578947367,0.0851063829787234,0.12121212121212122
44,rule,decision_tree,youden,ctx,kaggle+stanford_msa,mother_jones,0.09554140127388536,0.07180081065431385,0.09554140127388536,0.026442771665701602,1.0,0.09090909090909091,0.16666666666666666
44,rule,decision_tree,youden,ctx,kaggle+mother_jones,stanford_msa,0.3592814371257485,0.8105892948079545,0.3592814371257485,0.46822900104073095,0.06666666666666667,0.14285714285714285,0.09090909090909091
44,rule,decision_tree,youden_val,ctx,mother_jones+stanford_msa,kaggle,0.3047619047619048,0.758677898139081,0.3047619047619048,0.40010316399995055,0.0,0.0,0.0
44,rule,decision_tree,youden_val,ctx,kaggle+stanford_msa,mother_jones,0.12738853503184713,0.016331863465621425,0.12738853503184713,0.028951939779965255,0.0,0.0,0.0
44,rule,decision_tree,youden_val,ctx,kaggle+mother_jones,stanford_msa,0.4221556886227545,0.8131504944620807,0.4221556886227545,0.5295637803822039,0.06666666666666667,0.14285714285714285,0.09090909090909091
44,rule,multinomial_lr,default,ctx,mother_jones+stanford_msa,kaggle,0.4666666666666667,0.7453743613278768,0.4666666666666667,0.5541203101980615,0.3684210526315789,0.10606060606060606,0.16470588235294117
44,rule,multinomial_lr,default,ctx,kaggle+stanford_msa,mother_jones,0.2929936305732484,0.41257961783439495,0.2929936305732484,0.20316425236521352,0.0,0.0,0.0
44,rule,multinomial_lr,default,ctx,kaggle+mother_jones,stanford_msa,0.4311377245508982,0.8257002785473827,0.4311377245508982,0.5449081643576259,0.13333333333333333,0.16666666666666666,0.14814814814814814
44,rule,multinomial_lr,youden,ctx,mother_jones+stanford_msa,kaggle,0.3619047619047619,0.7735900559054031,0.3619047619047619,0.4562867871181452,0.47368421052631576,0.08571428571428572,0.14516129032258066
44,rule,multinomial_lr,youden,ctx,kaggle+stanford_msa,mother_jones,0.4713375796178344,0.32495390984299394,0.4713375796178344,0.375016133299776,0.35714285714285715,0.15151515151515152,0.2127659574468085
44,rule,multinomial_lr,youden,ctx,kaggle+mother_jones,stanford_msa,0.4281437125748503,0.8046821440090061,0.4281437125748503,0.5352498129370613,0.26666666666666666,0.08695652173913043,0.13114754098360656
44,rule,multinomial_lr,youden_val,ctx,mother_jones+stanford_msa,kaggle,0.35873015873015873,0.7758135441304842,0.35873015873015873,0.4533478168595373,0.10526315789473684,0.08695652173913043,0.09523809523809523
44,rule,multinomial_lr,youden_val,ctx,kaggle+stanford_msa,mother_jones,0.21019108280254778,0.13357859286917048,0.21019108280254778,0.14934118749304434,0.21428571428571427,0.3333333333333333,0.2608695652173913
44,rule,multinomial_lr,youden_val,ctx,kaggle+mother_jones,stanford_msa,0.48502994011976047,0.8270039850519538,0.48502994011976047,0.5580761580913287,0.0,0.0,0.0
44,rule,naive_bayes,default,ctx,mother_jones+stanford_msa,kaggle,0.12698412698412698,0.7490423280423281,0.12698412698412698,0.14790050005523633,0.2631578947368421,0.043859649122807015,0.07518796992481203
44,rule,naive_bayes,default,ctx,kaggle+stanford_msa,mother_jones,0.09554140127388536,0.031156280574246756,0.09554140127388536,0.031018811066184402,0.9285714285714286,0.0896551724137931,0.16352201257861634
44,rule,naive_bayes,default,ctx,kaggle+mother_jones,stanford_msa,0.1317365269461078,0.8232928083227484,0.1317365269461078,0.15967965678660567,1.0,0.050505050505050504,0.09615384615384616
44,rule,naive_bayes,youden,ctx,mother_jones+stanford_msa,kaggle,0.13333333333333333,0.7501507024265645,0.13333333333333333,0.14993975332515694,0.5263157894736842,0.05747126436781609,0.10362694300518134
44,rule,naive_bayes,youden,ctx,kaggle+stanford_msa,mother_jones,0.2802547770700637,0.11047577687705076,0.2802547770700637,0.14809428171562516,0.0,0.0,0.0
44,rule,naive_bayes,youden,ctx,kaggle+mother_jones,stanford_msa,0.12275449101796407,0.820549889823741,0.12275449101796407,0.15793987340716045,0.3333333333333333,0.034013605442176874,0.06172839506172839
44,rule,naive_bayes,youden_val,ctx,mother_jones+stanford_msa,kaggle,0.3619047619047619,0.7636937613088278,0.3619047619047619,0.44581723958587416,0.0,0.0,0.0
44,rule,naive_bayes,youden_val,ctx,kaggle+stanford_msa,mother_jones,0.09554140127388536,0.019558643762465418,0.09554140127388536,0.03196107699144286,0.7142857142857143,0.1111111111111111,0.19230769230769232
44,rule,naive_bayes,youden_val,ctx,kaggle+mother_jones,stanford_msa,0.45808383233532934,0.8276927066597823,0.45808383233532934,0.5553999951116467,0.13333333333333333,0.0625,0.0851063829787234
44,rule,decision_tree,default,full,mother_jones+stanford_msa,kaggle,0.6,0.6884936517967907,0.6,0.6288013118107787,0.21052631578947367,0.21052631578947367,0.21052631578947367
44,rule,decision_tree,default,full,kaggle+stanford_msa,mother_jones,0.17197452229299362,0.20136734238819573,0.17197452229299362,0.10931349058855332,0.42857142857142855,0.08,0.1348314606741573
44,rule,decision_tree,default,full,kaggle+mother_jones,stanford_msa,0.49101796407185627,0.7584738619709889,0.49101796407185627,0.5768368645983746,0.4,0.06896551724137931,0.11764705882352941
44,rule,decision_tree,youden,full,mother_jones+stanford_msa,kaggle,0.3333333333333333,0.7873870516303331,0.3333333333333333,0.38403771282416943,0.21052631578947367,0.21052631578947367,0.21052631578947367
44,rule,decision_tree,youden,full,kaggle+stanford_msa,mother_jones,0.17197452229299362,0.20136734238819573,0.17197452229299362,0.10931349058855332,0.42857142857142855,0.08,0.1348314606741573
44,rule,decision_tree,youden,full,kaggle+mother_jones,stanford_msa,0.2754491017964072,0.8198876626063464,0.2754491017964072,0.36508234408404955,0.4,0.06896551724137931,0.11764705882352941
44,rule,decision_tree,youden_val,full,mother_jones+stanford_msa,kaggle,0.32063492063492066,0.7770400078732834,0.32063492063492066,0.3784946662102997,0.47368421052631576,0.10344827586206896,0.16981132075471697
44,rule,decision_tree,youden_val,full,kaggle+stanford_msa,mother_jones,0.17834394904458598,0.1840255973206543,0.17834394904458598,0.1231450968879061,0.42857142857142855,0.08333333333333333,0.13953488372093023
44,rule,decision_tree,youden_val,full,kaggle+mother_jones,stanford_msa,0.47604790419161674,0.8119222039791385,0.47604790419161674,0.5706389321909191,0.2,0.0625,0.09523809523809523
44,rule,multinomial_lr,default,full,mother_jones+stanford_msa,kaggle,0.5746031746031746,0.7570203250382278,0.5746031746031746,0.6400589965402909,0.3684210526315789,0.15217391304347827,0.2153846153846154
44,rule,multinomial_lr,default,full,kaggle+stanford_msa,mother_jones,0.28662420382165604,0.4144353060004535,0.28662420382165604,0.24391727168797234,0.21428571428571427,0.25,0.23076923076923078
44,rule,multinomial_lr,default,full,kaggle+mother_jones,stanford_msa,0.688622754491018,0.7622846645623012,0.688622754491018,0.7108947793252118,0.06666666666666667,0.16666666666666666,0.09523809523809523
44,rule,multinomial_lr,youden,full,mother_jones+stanford_msa,kaggle,0.5714285714285714,0.7450341928602798,0.5714285714285714,0.6310080862098726,0.3157894736842105,0.13636363636363635,0.19047619047619047
44,rule,multinomial_lr,youden,full,kaggle+stanford_msa,mother_jones,0.3375796178343949,0.44028049117736273,0.3375796178343949,0.3351627615325963,0.5,0.25,0.3333333333333333
44,rule,multinomial_lr,youden,full,kaggle+mother_jones,stanford_msa,0.49101796407185627,0.8425110689062252,0.49101796407185627,0.5708369261073364,0.4,0.13953488372093023,0.20689655172413793
44,rule,multinomial_lr,youden_val,full,mother_jones+stanford_msa,kaggle,0.5174603174603175,0.7688948439848801,0.5174603174603175,0.5944768479547603,0.47368421052631576,0.1323529411764706,0.20689655172413793
44,rule,multinomial_lr,youden_val,full,kaggle+stanford_msa,mother_jones,0.2929936305732484,0.15143861190423896,0.2929936305732484,0.19429244386833194,0.21428571428571427,0.2,0.20689655172413793
44,rule,multinomial_lr,youden_val,full,kaggle+mother_jones,stanford_msa,0.5359281437125748,0.8117044342888303,0.5359281437125748,0.6097951642444935,0.2,0.10344827586206896,0.13636363636363635
44,rule,naive_bayes,default,full,mother_jones+stanford_msa,kaggle,0.13968253968253969,0.7521723426485332,0.13968253968253969,0.15653108590670045,0.47368421052631576,0.047619047619047616,0.08653846153846154
44,rule,naive_bayes,default,full,kaggle+stanford_msa,mother_jones,0.11464968152866242,0.12584373056142462,0.11464968152866242,0.07551868270256072,0.7857142857142857,0.09322033898305085,0.16666666666666666
44,rule,naive_bayes,default,full,kaggle+mother_jones,stanford_msa,0.1317365269461078,0.8232928083227484,0.1317365269461078,0.15967965678660567,1.0,0.050505050505050504,0.09615384615384616
44,rule,naive_bayes,youden,full,mother_jones+stanford_msa,kaggle,0.14285714285714285,0.7525759098472741,0.14285714285714285,0.15688503573376394,0.7894736842105263,0.06521739130434782,0.12048192771084337
44,rule,naive_bayes,youden,full,kaggle+stanford_msa,mother_jones,0.15286624203821655,0.12844936171733326,0.15286624203821655,0.11944611127320638,0.5,0.125,0.2
44,rule,naive_bayes,youden,full,kaggle+mother_jones,stanford_msa,0.4281437125748503,0.8108076399755436,0.4281437125748503,0.5272517184898237,0.5333333333333333,0.08080808080808081,0.14035087719298245
44,rule,naive_bayes,youden_val,full,mother_jones+stanford_msa,kaggle,0.40634920634920635,0.793969616392921,0.40634920634920635,0.49734489452985625,0.05263157894736842,0.5,0.09523809523809523
44,rule,naive_bayes,youden_val,full,kaggle+stanford_msa,mother_jones,0.11464968152866242,0.11287900368036645,0.11464968152866242,0.07173560227532738,0.7142857142857143,0.1,0.17543859649122806
44,rule,naive_bayes,youden_val,full,kaggle+mother_jones,stanford_msa,0.4940119760479042,0.8325900498092464,0.4940119760479042,0.5888096697478087,0.2,0.05,0.08
44,std,decision_tree,default,ctx,mother_jones+stanford_msa,kaggle,0.4222222222222222,0.9098695743072642,0.4222222222222222,0.5496171237671099,0.0,0.0,0.0
44,std,decision_tree,default,ctx,kaggle+stanford_msa,mother_jones,0.12101910828025478,0.04501454414939494,0.12101910828025478,0.06062836369920505,0.4782608695652174,0.2682926829268293,0.34375
44,std,decision_tree,default,ctx,kaggle+mother_jones,stanford_msa,0.3592814371257485,0.9542135715590234,0.3592814371257485,0.49310191366266126,1.0,0.04477611940298507,0.08571428571428572
44,std,decision_tree,youden,ctx,mother_jones+stanford_msa,kaggle,0.4222222222222222,0.9098695743072642,0.4222222222222222,0.5496171237671099,0.0,0.0,0.0
44,std,decision_tree,youden,ctx,kaggle+stanford_msa,mother_jones,0.1592356687898089,0.036575036316906916,0.1592356687898089,0.05948645109745001,0.9130434782608695,0.21,0.34146341463414637
44,std,decision_tree,youden,ctx,kaggle+mother_jones,stanford_msa,0.3502994011976048,0.952750748502994,0.3502994011976048,0.4906652285912457,0.0,0.0,0.0
44,std,decision_tree,youden_val,ctx,mother_jones+stanford_msa,kaggle,0.4380952380952381,0.9038803333885301,0.4380952380952381,0.5638839123278176,0.0,0.0,0.0
44,std,decision_tree,youden_val,ctx,kaggle+stanford_msa,mother_jones,0.1592356687898089,0.036575036316906916,0.1592356687898089,0.05948645109745001,0.9130434782608695,0.21,0.34146341463414637
44,std,decision_tree,youden_val,ctx,kaggle+mother_jones,stanford_msa,0.3592814371257485,0.9455894346018784,0.3592814371257485,0.495017121392278,0.8888888888888888,0.04020100502512563,0.07692307692307693
44,std,multinomial_lr,default,ctx,mother_jones+stanford_msa,kaggle,0.4603174603174603,0.9209352209352208,0.4603174603174603,0.5889333311620093,0.45454545454545453,0.07352941176470588,0.12658227848101267
44,std,multinomial_lr,default,ctx,kaggle+stanford_msa,mother_jones,0.19745222929936307,0.7169265773963226,0.19745222929936307,0.20629637239458484,0.4782608695652174,0.34375,0.4
44,std,multinomial_lr,default,ctx,kaggle+mother_jones,stanford_msa,0.5,0.9546130612674942,0.5,0.6337883243737835,1.0,0.05806451612903226,0.10975609756097561
44,std,multinomial_lr,youden,ctx,mother_jones+stanford_msa,kaggle,0.4603174603174603,0.9209352209352208,0.4603174603174603,0.5889333311620093,0.45454545454545453,0.07352941176470588,0.12658227848101267
44,std,multinomial_lr,youden,ctx,kaggle+stanford_msa,mother_jones,0.19745222929936307,0.7169265773963226,0.19745222929936307,0.20629637239458484,0.4782608695652174,0.34375,0.4
44,std,multinomial_lr,youden,ctx,kaggle+mother_jones,stanford_msa,0.5059880239520959,0.9552237199457857,0.5059880239520959,0.6403120559353548,0.5555555555555556,0.08196721311475409,0.14285714285714285
44,std,multinomial_lr,youden_val,ctx,mother_jones+stanford_msa,kaggle,0.47619047619047616,0.9088993794876147,0.47619047619047616,0.6012924521358969,0.6363636363636364,0.05785123966942149,0.10606060606060606
44,std,multinomial_lr,youden_val,ctx,kaggle+stanford_msa,mother_jones,0.2229299363057325,0.682191010216488,0.2229299363057325,0.17975421489363677,0.9130434782608695,0.23076923076923078,0.3684210526315789
44,std,multinomial_lr,youden_val,ctx,kaggle+mother_jones,stanford_msa,0.5,0.9550853847859837,0.5,0.6345626545845163,0.8888888888888888,0.05333333333333334,0.10062893081761007
44,std,naive_bayes,default,ctx,mother_jones+stanford_msa,kaggle,0.44761904761904764,0.9143944517378102,0.44761904761904764,0.5747145469479474,0.09090909090909091,0.09090909090909091,0.09090909090909091
44,std,naive_bayes,default,ctx,kaggle+stanford_msa,mother_jones,0.09554140127388536,0.7986261518153508,0.09554140127388536,0.041292969870509476,0.08695652173913043,0.14285714285714285,0.10810810810810811
44,std,naive_bayes,default,ctx,kaggle+mother_jones,stanford_msa,0.11377245508982035,0.9545264151499956,0.11377245508982035,0.16748551267220077,0.1111111111111111,0.07142857142857142,0.08695652173913043
44,std,naive_bayes,youden,ctx,mother_jones+stanford_msa,kaggle,0.44761904761904764,0.9134022512727814,0.44761904761904764,0.5752326221204005,0.45454545454545453,0.06097560975609756,0.10752688172043011
44,std,naive_bayes,youden,ctx,kaggle+stanford_msa,mother_jones,0.12738853503184713,0.8155678789979374,0.12738853503184713,0.07204362870012203,0.43478260869565216,0.2631578947368421,0.32786885245901637
44,std,naive_bayes,youden,ctx,kaggle+mother_jones,stanford_msa,0.11377245508982035,0.9540662265213165,0.11377245508982035,0.1676140789784616,0.3333333333333333,0.057692307692307696,0.09836065573770492
44,std,naive_bayes,youden_val,ctx,mother_jones+stanford_msa,kaggle,0.4603174603174603,0.905457882214938,0.4603174603174603,0.5852292768959436,0.0,0.0,0.0
44,std,naive_bayes,youden_val,ctx,kaggle+stanford_msa,mother_jones,0.17197452229299362,0.6685168334849865,0.17197452229299362,0.16029785914161115,0.4782608695652174,0.3142857142857143,0.3793103448275862
44,std,naive_bayes,youden_val,ctx,kaggle+mother_jones,stanford_msa,0.11976047904191617,0.9546375998003992,0.11976047904191617,0.16869420278126324,0.5555555555555556,0.078125,0.136986301369863
44,std,decision_tree,default,full,mother_jones+stanford_msa,kaggle,0.6666666666666666,0.9297456885349347,0.6666666666666666,0.7551969925306217,0.9090909090909091,0.12345679012345678,0.21739130434782608
44,std,decision_tree,default,full,kaggle+stanford_msa,mother_jones,0.5031847133757962,0.7106253419859522,0.5031847133757962,0.5461342174066814,0.7391304347826086,0.27419354838709675,0.4
44,std,decision_tree,default,full,kaggle+mother_jones,stanford_msa,0.7395209580838323,0.9496035123605321,0.7395209580838322,0.8176918940026655,0.7777777777777778,0.1320754716981132,0.22580645161290322
44,std,decision_tree,youden,full,mother_jones+stanford_msa,kaggle,0.6666666666666666,0.9297456885349347,0.6666666666666666,0.7551969925306217,0.9090909090909091,0.12345679012345678,0.21739130434782608
44,std,decision_tree,youden,full,kaggle+stanford_msa,mother_jones,0.5095541401273885,0.7128645947340879,0.5095541401273885,0.5523219762073266,0.7391304347826086,0.27419354838709675,0.4
44,std,decision_tree,youden,full,kaggle+mother_jones,stanford_msa,0.7395209580838323,0.9496035123605321,0.7395209580838322,0.8176918940026655,0.7777777777777778,0.1320754716981132,0.22580645161290322
44,std,decision_tree,youden_val,full,mother_jones+stanford_msa,kaggle,0.2222222222222222,0.9355333105940393,0.2222222222222222,0.28561286897545496,0.9090909090909091,0.05917159763313609,0.1111111111111111
44,std,decision_tree,youden_val,full,kaggle+stanford_msa,mother_jones,0.49044585987261147,0.7058306939875412,0.49044585987261147,0.5332380715884698,0.7391304347826086,0.265625,0.39080459770114945
44,std,decision_tree,youden_val,full,kaggle+mother_jones,stanford_msa,0.32335329341317365,0.9350791528095553,0.32335329341317365,0.4439458874892356,0.8888888888888888,0.052980132450331126,0.1
44,std,multinomial_lr,default,full,mother_jones+stanford_msa,kaggle,0.7428571428571429,0.9163279994858943,0.7428571428571428,0.8085053751888786,0.36363636363636365,0.18181818181818182,0.24242424242424243
44,std,multinomial_lr,default,full,kaggle+stanford_msa,mother_jones,0.267515923566879,0.7577655536254261,0.267515923566879,0.32339865760750114,0.391304347826087,0.45,0.4186046511627907
44,std,multinomial_lr,default,full,kaggle+mother_jones,stanford_msa,0.8233532934131736,0.9526240092411121,0.8233532934131736,0.8738727672859409,0.8888888888888888,0.14285714285714285,0.24615384615384617
44,std,multinomial_lr,youden,full,mother_jones+stanford_msa,kaggle,0.707936507936508,0.9164764317347388,0.707936507936508,0.7858955216336478,0.36363636363636365,0.10526315789473684,0.16326530612244897
44,std,multinomial_lr,youden,full,kaggle+stanford_msa,mother_jones,0.4840764331210191,0.746274920830602,0.4840764331210191,0.550781618455393,0.6086956521739131,0.4375,0.509090909090909
44,std,multinomial_lr,youden,full,kaggle+mother_jones,stanford_msa,0.7485029940119761,0.9544284343210846,0.7485029940119762,0.8275849417211253,0.5555555555555556,0.1724137931034483,0.2631578947368421
44,std,multinomial_lr,youden_val,full,mother_jones+stanford_msa,kaggle,0.6063492063492063,0.9166998081283795,0.6063492063492063,0.7087607376804222,0.36363636363636365,0.10526315789473684,0.16326530612244897
44,std,multinomial_lr,youden_val,full,kaggle+stanford_msa,mother_jones,0.29936305732484075,0.7205348645058726,0.29936305732484075,0.32914172221144394,0.6521739130434783,0.35714285714285715,0.46153846153846156
44,std,multinomial_lr,youden_val,full,kaggle+mother_jones,stanford_msa,0.8083832335329342,0.9463121181805862,0.8083832335329342,0.8650440281672548,0.1111111111111111,0.25,0.15384615384615385
44,std,naive_bayes,default,full,mother_jones+stanford_msa,kaggle,0.44761904761904764,0.9139302186150076,0.44761904761904764,0.5744926348212733,0.09090909090909091,0.07692307692307693,0.08333333333333333
44,std,naive_bayes,default,full,kaggle+stanford_msa,mother_jones,0.17197452229299362,0.6953242617255356,0.17197452229299362,0.1800298494623442,0.043478260869565216,0.09090909090909091,0.058823529411764705
44,std,naive_bayes,default,full,kaggle+mother_jones,stanford_msa,0.11377245508982035,0.9545264151499956,0.11377245508982035,0.16748551267220077,0.1111111111111111,0.07142857142857142,0.08695652173913043
44,std,naive_bayes,youden,full,mother_jones+stanford_msa,kaggle,0.5587301587301587,0.9158892730133947,0.5587301587301587,0.6737660296916356,0.7272727272727273,0.06557377049180328,0.12030075187969924
44,std,naive_bayes,youden,full,kaggle+stanford_msa,mother_jones,0.3057324840764331,0.7156362380390493,0.3057324840764331,0.331106553597219,0.6956521739130435,0.2962962962962963,0.4155844155844156
44,std,naive_bayes,youden,full,kaggle+mother_jones,stanford_msa,0.3203592814371258,0.9545494151016851,0.3203592814371258,0.44957053627192034,0.6666666666666666,0.07058823529411765,0.1276595744680851
44,std,naive_bayes,youden_val,full,mother_jones+stanford_msa,kaggle,0.4603174603174603,0.9059592662004848,0.4603174603174603,0.5861003131411294,0.0,0.0,0.0
44,std,naive_bayes,youden_val,full,kaggle+stanford_msa,mother_jones,0.3375796178343949,0.6184310262058383,0.3375796178343949,0.40002028339429374,0.043478260869565216,0.25,0.07407407407407407
44,std,naive_bayes,youden_val,full,kaggle+mother_jones,stanford_msa,0.11377245508982035,0.9533108502460905,0.11377245508982035,0.16631900949059736,0.1111111111111111,0.024390243902439025,0.04
44,quartile,decision_tree,default,ctx,mother_jones+stanford_msa,kaggle,0.28888888888888886,0.24032030156235934,0.28888888888888886,0.2286869752449228,0.8653846153846154,0.23809523809523808,0.37344398340248963
44,quartile,decision_tree,default,ctx,kaggle+stanford_msa,mother_jones,0.5605095541401274,0.31977788665686757,0.5605095541401274,0.4072273495385415,0.9887640449438202,0.5641025641025641,0.7183673469387755
44,quartile,decision_tree,default,ctx,kaggle+mother_jones,stanford_msa,0.12275449101796407,0.04775057741360561,0.12275449101796407,0.046282826736084526,0.8571428571428571,0.1157556270096463,0.20396600566572237
44,quartile,decision_tree,youden,ctx,mother_jones+stanford_msa,kaggle,0.326984126984127,0.3792815903314312,0.326984126984127,0.24218260014399992,0.0,0.0,0.0
44,quartile,decision_tree,youden,ctx,kaggle+stanford_msa,mother_jones,0.25477707006369427,0.48777280465178563,0.25477707006369427,0.15762697379335305,0.07865168539325842,0.7777777777777778,0.14285714285714285
44,quartile,decision_tree,youden,ctx,kaggle+mother_jones,stanford_msa,0.16467065868263472,0.09485487179522924,0.16467065868263472,0.11344866191395173,0.42857142857142855,0.08450704225352113,0.1411764705882353
44,quartile,decision_tree,youden_val,ctx,mother_jones+stanford_msa,kaggle,0.32063492063492066,0.1777639751552795,0.32063492063492066,0.2161302997935702,0.0,0.0,0.0
44,quartile,decision_tree,youden_val,ctx,kaggle+stanford_msa,mother_jones,0.25477707006369427,0.4880916273090977,0.25477707006369427,0.15805277525022748,0.07865168539325842,0.7777777777777778,0.14285714285714285
44,quartile,decision_tree,youden_val,ctx,kaggle+mother_jones,stanford_msa,0.31137724550898205,0.4131657368342372,0.31137724550898205,0.2795169833493187,0.0,0.0,0.0
44,quartile,multinomial_lr,default,ctx,mother_jones+stanford_msa,kaggle,0.3396825396825397,0.3411536961621358,0.3396825396825397,0.3299972336506839,0.4230769230769231,0.2558139534883721,0.3188405797101449
44,quartile,multinomial_lr,default,ctx,kaggle+stanford_msa,mother_jones,0.4585987261146497,0.47399811794716257,0.4585987261146497,0.40277272408340714,0.7528089887640449,0.5317460317460317,0.6232558139534884
44,quartile,multinomial_lr,default,ctx,kaggle+mother_jones,stanford_msa,0.2844311377245509,0.4818077899617604,0.2844311377245509,0.22337674815541164,0.9523809523809523,0.24096385542168675,0.38461538461538464
44,quartile,multinomial_lr,youden,ctx,mother_jones+stanford_msa,kaggle,0.31746031746031744,0.6840673241225728,0.31746031746031744,0.22217636278140832,0.8653846153846154,0.24861878453038674,0.38626609442060084
44,quartile,multinomial_lr,youden,ctx,kaggle+stanford_msa,mother_jones,0.2356687898089172,0.5272985280211855,0.2356687898089172,0.2289589459979166,0.1348314606741573,0.8,0.23076923076923078
44,quartile,multinomial_lr,youden,ctx,kaggle+mother_jones,stanford_msa,0.30538922155688625,0.4799084685669132,0.30538922155688625,0.26583573467091376,0.8095238095238095,0.2361111111111111,0.3655913978494624
44,quartile,multinomial_lr,youden_val,ctx,mother_jones+stanford_msa,kaggle,0.3142857142857143,0.3111215125575252,0.3142857142857143,0.2887388158303223,0.4230769230769231,0.25882352941176473,0.32116788321167883
44,quartile,multinomial_lr,youden_val,ctx,kaggle+stanford_msa,mother_jones,0.4140127388535032,0.43070837843049864,0.4140127388535032,0.41139087995914364,0.5168539325842697,0.6388888888888888,0.5714285714285714
44,quartile,multinomial_lr,youden_val,ctx,kaggle+mother_jones,stanford_msa,0.281437125748503,0.1920071030711619,0.281437125748503,0.1925707656321118,0.9523809523809523,0.24096385542168675,0.38461538461538464
44,quartile,naive_bayes,default,ctx,mother_jones+stanford_msa,kaggle,0.30158730158730157,0.2382398474660724,0.30158730158730157,0.2366486877685824,0.8653846153846154,0.25280898876404495,0.391304347826087
44,quartile,naive_bayes,default,ctx,kaggle+stanford_msa,mother_jones,0.18471337579617833,0.4822806829738264,0.18471337579617833,0.17606750144448696,0.1348314606741573,0.8,0.23076923076923078
44,quartile,naive_bayes,default,ctx,kaggle+mother_jones,stanford_msa,0.3712574850299401,0.4486504826219351,0.3712574850299401,0.3286672494620702,0.09523809523809523,0.8,0.1702127659574468
44,quartile,naive_bayes,youden,ctx,mother_jones+stanford_msa,kaggle,0.3111111111111111,0.22700826439345143,0.3111111111111111,0.24223274805834172,0.6923076923076923,0.2535211267605634,0.3711340206185567
44,quartile,naive_bayes,youden,ctx,kaggle+stanford_msa,mother_jones,0.21656050955414013,0.5193585077343039,0.21656050955414013,0.217405383945055,0.1348314606741573,0.8,0.23076923076923078
44,quartile,naive_bayes,youden,ctx,kaggle+mother_jones,stanford_msa,0.2245508982035928,0.4159624571082554,0.2245508982035928,0.19151298953184806,0.09523809523809523,0.8,0.1702127659574468
44,quartile,naive_bayes,youden_val,ctx,mother_jones+stanford_msa,kaggle,0.28253968253968254,0.27359719645433933,0.28253968253968254,0.2666400358569963,0.46153846153846156,0.26373626373626374,0.3356643356643357
44,quartile,naive_bayes,youden_val,ctx,kaggle+stanford_msa,mother_jones,0.5668789808917197,0.4826539278131635,0.5668789808917197,0.4420481564100145,0.9662921348314607,0.5733333333333334,0.7196652719665272
44,quartile,naive_bayes,youden_val,ctx,kaggle+mother_jones,stanford_msa,0.3772455089820359,0.4578548985419455,0.3772455089820359,0.3348014897163808,0.09523809523809523,0.8,0.1702127659574468
44,quartile,decision_tree,default,full,mother_jones+stanford_msa,kaggle,0.3142857142857143,0.24303244239935237,0.3142857142857143,0.2597055441466544,0.6538461538461539,0.3300970873786408,0.43870967741935485
44,quartile,decision_tree,default,full,kaggle+stanford_msa,mother_jones,0.45222929936305734,0.46530348917518694,0.45222929936305734,0.45398565291914433,0.6179775280898876,0.6626506024096386,0.6395348837209303
44,quartile,decision_tree,default,full,kaggle+mother_jones,stanford_msa,0.4161676646706587,0.3604474025290305,0.4161676646706587,0.37930042354315757,0.0,0.0,0.0
44,quartile,decision_tree,youden,full,mother_jones+stanford_msa,kaggle,0.3111111111111111,0.3783074205675344,0.3111111111111111,0.2873714848120604,0.038461538461538464,0.6666666666666666,0.07272727272727272
44,quartile,decision_tree,youden,full,kaggle+stanford_msa,mother_jones,0.12101910828025478,0.3097710576751424,0.12101910828025478,0.063354067608658,0.02247191011235955,0.5,0.043010752688172046
44,quartile,decision_tree,youden,full,kaggle+mother_jones,stanford_msa,0.3323353293413174,0.32522763968952995,0.3323353293413174,0.3047761977035505,0.21428571428571427,0.2571428571428571,0.23376623376623376
44,quartile,decision_tree,youden_val,full,mother_jones+stanford_msa,kaggle,0.326984126984127,0.24739357400191164,0.326984126984127,0.23799173427215672,0.5192307692307693,0.3103448275862069,0.38848920863309355
44,quartile,decision_tree,youden_val,full,kaggle+stanford_msa,mother_jones,0.4140127388535032,0.39113589838783613,0.4140127388535032,0.38746272693900424,0.6179775280898876,0.6626506024096386,0.6395348837209303
44,quartile,decision_tree,youden_val,full,kaggle+mother_jones,stanford_msa,0.37425149700598803,0.28955984135624857,0.37425149700598803,0.3082884271595957,0.7857142857142857,0.18333333333333332,0.2972972972972973
44,quartile,multinomial_lr,default,full,mother_jones+stanford_msa,kaggle,0.4031746031746032,0.40618349746019417,0.4031746031746032,0.39596731491377296,0.34615384615384615,0.3,0.32142857142857145
44,quartile,multinomial_lr,default,full,kaggle+stanford_msa,mother_jones,0.5477707006369427,0.4853398241888602,0.5477707006369427,0.4957148855200507,0.8089887640449438,0.6101694915254238,0.6956521739130435
44,quartile,multinomial_lr,default,full,kaggle+mother_jones,stanford_msa,0.3323353293413174,0.4490952463144664,0.3323353293413174,0.28277124640937235,0.42857142857142855,0.43902439024390244,0.43373493975903615
44,quartile,multinomial_lr,youden,full,mother_jones+stanford_msa,kaggle,0.37142857142857144,0.3686869225302061,0.37142857142857144,0.345060138281388,0.5192307692307693,0.3,0.38028169014084506
44,quartile,multinomial_lr,youden,full,kaggle+stanford_msa,mother_jones,0.40764331210191085,0.537889893218434,0.40764331210191085,0.4480140403462759,0.5056179775280899,0.703125,0.5882352941176471
44,quartile,multinomial_lr,youden,full,kaggle+mother_jones,stanford_msa,0.3532934131736527,0.4671122457740201,0.3532934131736527,0.33216854551849095,0.5238095238095238,0.3728813559322034,0.43564356435643564
44,quartile,multinomial_lr,youden_val,full,mother_jones+stanford_msa,kaggle,0.346031746031746,0.38259995702550376,0.346031746031746,0.31832922968520894,0.6153846153846154,0.37209302325581395,0.463768115942029
44,quartile,multinomial_lr,youden_val,full,kaggle+stanford_msa,mother_jones,0.5605095541401274,0.45837641776419225,0.5605095541401274,0.4779402959602226,0.898876404494382,0.5970149253731343,0.7174887892376681
44,quartile,multinomial_lr,youden_val,full,kaggle+mother_jones,stanford_msa,0.3263473053892216,0.4753631204005171,0.3263473053892216,0.24220397041417646,0.2619047619047619,0.4074074074074074,0.3188405797101449
44,quartile,naive_bayes,default,full,mother_jones+stanford_msa,kaggle,0.34285714285714286,0.3067963335568969,0.34285714285714286,0.21265811131559842,0.21153846153846154,0.4230769230769231,0.28205128205128205
44,quartile,naive_bayes,default,full,kaggle+stanford_msa,mother_jones,0.4968152866242038,0.4984367496034268,0.4968152866242038,0.4403667712621349,0.7415730337078652,0.6534653465346535,0.6947368421052632
44,quartile,naive_bayes,default,full,kaggle+mother_jones,stanford_msa,0.3562874251497006,0.37624319031110715,0.3562874251497006,0.3138969553872099,0.09523809523809523,0.8,0.1702127659574468
44,quartile,naive_bayes,youden,full,mother_jones+stanford_msa,kaggle,0.3396825396825397,0.3831445144025375,0.3396825396825397,0.2873721218569361,0.7115384615384616,0.3008130081300813,0.4228571428571429
44,quartile,naive_bayes,youden,full,kaggle+stanford_msa,mother_jones,0.4140127388535032,0.4668559826410837,0.4140127388535032,0.42358481643462126,0.5056179775280899,0.6818181818181818,0.5806451612903226
44,quartile,naive_bayes,youden,full,kaggle+mother_jones,stanford_msa,0.3383233532934132,0.5337687125748503,0.3383233532934132,0.3200069897396771,0.09523809523809523,0.8,0.1702127659574468
44,quartile,naive_bayes,youden_val,full,mother_jones+stanford_msa,kaggle,0.3619047619047619,0.4085770975056689,0.3619047619047619,0.26712323135501875,0.3269230769230769,0.40476190476190477,0.3617021276595745
44,quartile,naive_bayes,youden_val,full,kaggle+stanford_msa,mother_jones,0.5095541401273885,0.4378867151956324,0.5095541401273885,0.4651689842679656,0.797752808988764,0.6339285714285714,0.7064676616915423
44,quartile,naive_bayes,youden_val,full,kaggle+mother_jones,stanford_msa,0.39820359281437123,0.43508692673823945,0.39820359281437123,0.34926091213798816,0.11904761904761904,0.625,0.2
45,rule,decision_tree,default,ctx,mother_jones+stanford_msa,kaggle,0.4095238095238095,0.7359040762631708,0.4095238095238095,0.5003112583214107,0.10526315789473684,0.3333333333333333,0.16
45,rule,decision_tree,default,ctx,kaggle+stanford_msa,mother_jones,0.29936305732484075,0.15311440152204484,0.29936305732484075,0.14860267279698786,0.0,0.0,0.0
45,rule,decision_tree,default,ctx,kaggle+mother_jones,stanford_msa,0.3592814371257485,0.8105892948079545,0.3592814371257485,0.46822900104073095,0.06666666666666667,0.14285714285714285,0.09090909090909091
45,rule,decision_tree,youden,ctx,mother_jones+stanford_msa,kaggle,0.3333333333333333,0.767443837279903,0.3333333333333333,0.3793191668098593,0.21052631578947367,0.06666666666666667,0.10126582278481013
45,rule,decision_tree,youden,ctx,kaggle+stanford_msa,mother_jones,0.09554140127388536,0.07180081065431385,0.09554140127388536,0.026442771665701602,1.0,0.09090909090909091,0.16666666666666666
45,rule,decision_tree,youden,ctx,kaggle+mother_jones,stanford_msa,0.3592814371257485,0.8105892948079545,0.3592814371257485,0.46822900104073095,0.06666666666666667,0.14285714285714285,0.09090909090909091
45,rule,decision_tree,youden_val,ctx,mother_jones+stanford_msa,kaggle,0.30158730158730157,0.7527932678642069,0.30158730158730157,0.394962182150108,0.10526315789473684,0.04878048780487805,0.06666666666666667
45,rule,decision_tree,youden_val,ctx,kaggle+stanford_msa,mother_jones,0.12738853503184713,0.016331863465621425,0.12738853503184713,0.028951939779965255,0.0,0.0,0.0
45,rule,decision_tree,youden_val,ctx,kaggle+mother_jones,stanford_msa,0.4221556886227545,0.8243727877299446,0.4221556886227545,0.491664586011141,0.06666666666666667,0.14285714285714285,0.09090909090909091
45,rule,multinomial_lr,default,ctx,mother_jones+stanford_msa,kaggle,0.3746031746031746,0.7746128606603317,0.3746031746031746,0.46212830019319695,0.3684210526315789,0.0875,0.1414141414141414
45,rule,multinomial_lr,default,ctx,kaggle+stanford_msa,mother_jones,0.267515923566879,0.1456866689015532,0.267515923566879,0.18010292117187712,0.21428571428571427,0.3333333333333333,0.2608695652173913
45,rule,multinomial_lr,default,ctx,kaggle+mother_jones,stanford_msa,0.44610778443113774,0.83046220101699,0.44610778443113774,0.5551588196430367,0.13333333333333333,0.16666666666666666,0.14814814814814814
45,rule,multinomial_lr,youden,ctx,mother_jones+stanford_msa,kaggle,0.37142857142857144,0.7739604890904158,0.37142857142857144,0.4584956037089893,0.3684210526315789,0.0875,0.1414141414141414
45,rule,multinomial_lr,youden,ctx,kaggle+stanford_msa,mother_jones,0.2802547770700637,0.11737943585077341,0.2802547770700637,0.14781947975197698,0.0,0.0,0.0
45,rule,multinomial_lr,youden,ctx,kaggle+mother_jones,stanford_msa,0.44610778443113774,0.83046220101699,0.44610778443113774,0.5551588196430367,0.13333333333333333,0.16666666666666666,0.14814814814814814
45,rule,multinomial_lr,youden_val,ctx,mother_jones+stanford_msa,kaggle,0.3492063492063492,0.7589420803782506,0.3492063492063492,0.43250547938719974,0.3684210526315789,0.0875,0.1414141414141414
45,rule,multinomial_lr,youden_val,ctx,kaggle+stanford_msa,mother_jones,0.15286624203821655,0.1176042641010794,0.15286624203821655,0.07185259118506308,0.0,0.0,0.0
45,rule,multinomial_lr,youden_val,ctx,kaggle+mother_jones,stanford_msa,0.4940119760479042,0.8398031303122653,0.4940119760479042,0.5710600555587207,0.13333333333333333,0.16666666666666666,0.14814814814814814
45,rule,naive_bayes,default,ctx,mother_jones+stanford_msa,kaggle,0.12698412698412698,0.7490423280423281,0.12698412698412698,0.14790050005523633,0.2631578947368421,0.043859649122807015,0.07518796992481203
45,rule,naive_bayes,default,ctx,kaggle+stanford_msa,mother_jones,0.09554140127388536,0.03374530729320454,0.09554140127388536,0.02532329666087628,1.0,0.09271523178807947,0.1696969696969697
45,rule,naive_bayes,default,ctx,kaggle+mother_jones,stanford_msa,0.12874251497005987,0.8208725406330197,0.12874251497005987,0.15857196761452397,0.9333333333333333,0.07142857142857142,0.13270142180094788
45,rule,naive_bayes,youden,ctx,mother_jones+stanford_msa,kaggle,0.13333333333333333,0.7501507024265645,0.13333333333333333,0.14993975332515694,0.5263157894736842,0.05747126436781609,0.10362694300518134
45,rule,naive_bayes,youden,ctx,kaggle+stanford_msa,mother_jones,0.4713375796178344,0.29669046220257345,0.4713375796178344,0.3533264693888669,0.21428571428571427,0.3333333333333333,0.2608695652173913
45,rule,naive_bayes,youden,ctx,kaggle+mother_jones,stanford_msa,0.12275449101796407,0.821649120099627,0.12275449101796407,0.1594321283694664,0.3333333333333333,0.07042253521126761,0.11627906976744186
45,rule,naive_bayes,youden_val,ctx,mother_jones+stanford_msa,kaggle,0.13333333333333333,0.7501507024265645,0.13333333333333333,0.14993975332515694,0.5263157894736842,0.05747126436781609,0.10362694300518134
45,rule,naive_bayes,youden_val,ctx,kaggle+stanford_msa,mother_jones,0.27388535031847133,0.13715070020802506,0.27388535031847133,0.1647082337624677,0.21428571428571427,0.3333333333333333,0.2608695652173913
45,rule,naive_bayes,youden_val,ctx,kaggle+mother_jones,stanford_msa,0.1377245508982036,0.821922925309256,0.1377245508982036,0.16948407725348213,0.9333333333333333,0.05090909090909091,0.09655172413793103
45,rule,decision_tree,default,full,mother_jones+stanford_msa,kaggle,0.27936507936507937,0.7612075844506334,0.27936507936507937,0.35084839031153864,0.47368421052631576,0.06040268456375839,0.10714285714285714
45,rule,decision_tree,default,full,kaggle+stanford_msa,mother_jones,0.267515923566879,0.16617291265491532,0.267515923566879,0.19288348259182986,0.5714285714285714,0.14285714285714285,0.22857142857142856
45,rule,decision_tree,default,full,kaggle+mother_jones,stanford_msa,0.5,0.7679708609990903,0.5,0.580333585702159,0.8,0.08163265306122448,0.14814814814814814
45,rule,decision_tree,youden,full,mother_jones+stanford_msa,kaggle,0.326984126984127,0.7753893418409548,0.326984126984127,0.37244058274406716,0.0,0.0,0.0
45,rule,decision_tree,youden,full,kaggle+stanford_msa,mother_jones,0.42038216560509556,0.4806478710129916,0.42038216560509556,0.3924557819711732,0.0,0.0,0.0
45,rule,decision_tree,youden,full,kaggle+mother_jones,stanford_msa,0.49101796407185627,0.7627656671675376,0.49101796407185627,0.5740689220470131,0.26666666666666666,0.05,0.08421052631578947
45,rule,decision_tree,youden_val,full,mother_jones+stanford_msa,kaggle,0.326984126984127,0.7753893418409548,0.326984126984127,0.37244058274406716,0.0,0.0,0.0
45,rule,decision_tree,youden_val,full,kaggle+stanford_msa,mother_jones,0.12738853503184713,0.04109592710247331,0.12738853503184713,0.058290294857069415,0.6428571428571429,0.07758620689655173,0.13846153846153847
45,rule,decision_tree,youden_val,full,kaggle+mother_jones,stanford_msa,0.3203592814371258,0.8268829915631252,0.3203592814371258,0.39365118736134774,0.4666666666666667,0.11666666666666667,0.18666666666666668
45,rule,multinomial_lr,default,full,mother_jones+stanford_msa,kaggle,0.5523809523809524,0.7562935884417366,0.5523809523809524,0.6226445391447608,0.42105263157894735,0.16,0.2318840579710145
45,rule,multinomial_lr,default,full,kaggle+stanford_msa,mother_jones,0.267515923566879,0.4168371614231487,0.267515923566879,0.19965730499777662,0.14285714285714285,0.18181818181818182,0.16
45,rule,multinomial_lr,default,full,kaggle+mother_jones,stanford_msa,0.5299401197604791,0.7923665074224052,0.5299401197604791,0.6097879801198716,0.0,0.0,0.0
45,rule,multinomial_lr,youden,full,mother_jones+stanford_msa,kaggle,0.5174603174603175,0.7601863409200583,0.5174603174603175,0.5929113063453773,0.3684210526315789,0.14285714285714285,0.20588235294117646
45,rule,multinomial_lr,youden,full,kaggle+stanford_msa,mother_jones,0.3184713375796178,0.4358012008309933,0.3184713375796178,0.3236793466781489,0.42857142857142855,0.1935483870967742,0.26666666666666666
45,rule,multinomial_lr,youden,full,kaggle+mother_jones,stanford_msa,0.49700598802395207,0.8257895810543955,0.49700598802395207,0.584110947703467,0.2,0.08823529411764706,0.12244897959183673
45,rule,multinomial_lr,youden_val,full,mother_jones+stanford_msa,kaggle,0.5238095238095238,0.7477310976166812,0.5238095238095238,0.5953671020337686,0.21052631578947367,0.12121212121212122,0.15384615384615385
45,rule,multinomial_lr,youden_val,full,kaggle+stanford_msa,mother_jones,0.24203821656050956,0.13034371073270073,0.24203821656050956,0.16796885049174273,0.35714285714285715,0.15625,0.21739130434782608
45,rule,multinomial_lr,youden_val,full,kaggle+mother_jones,stanford_msa,0.5868263473053892,0.7647296765060008,0.5868263473053892,0.6522021372705973,0.06666666666666667,0.05555555555555555,0.06060606060606061
45,rule,naive_bayes,default,full,mother_jones+stanford_msa,kaggle,0.20952380952380953,0.7662587147124506,0.20952380952380953,0.2592884978160522,0.5263157894736842,0.05813953488372093,0.10471204188481675
45,rule,naive_bayes,default,full,kaggle+stanford_msa,mother_jones,0.10828025477707007,0.110970208759643,0.10828025477707007,0.06624610164670507,0.7857142857142857,0.09243697478991597,0.16541353383458646
45,rule,naive_bayes,default,full,kaggle+mother_jones,stanford_msa,0.4251497005988024,0.8115601576470536,0.4251497005988024,0.52569778036062,0.9333333333333333,0.07142857142857142,0.13270142180094788
45,rule,naive_bayes,youden,full,mother_jones+stanford_msa,kaggle,0.44126984126984126,0.7734709641432331,0.44126984126984126,0.5285432804658677,0.15789473684210525,0.15,0.15384615384615385
45,rule,naive_bayes,youden,full,kaggle+stanford_msa,mother_jones,0.22929936305732485,0.14377482900044178,0.22929936305732485,0.1678174442561039,0.42857142857142855,0.1875,0.2608695652173913
45,rule,naive_bayes,youden,full,kaggle+mother_jones,stanford_msa,0.4341317365269461,0.9159981595917946,0.4341317365269461,0.5338162164702285,0.6,0.0743801652892562,0.1323529411764706
45,rule,naive_bayes,youden_val,full,mother_jones+stanford_msa,kaggle,0.45396825396825397,0.7848665038154565,0.45396825396825397,0.5438420716527934,0.21052631578947367,0.11764705882352941,0.1509433962264151
45,rule,naive_bayes,youden_val,full,kaggle+stanford_msa,mother_jones,0.12101910828025478,0.10040195006302645,0.12101910828025478,0.08866693634425235,0.6428571428571429,0.08256880733944955,0.14634146341463414
45,rule,naive_bayes,youden_val,full,kaggle+mother_jones,stanford_msa,0.4341317365269461,0.8239233365330408,0.4341317365269461,0.5438370027004262,0.2,0.08333333333333333,0.11764705882352941
45,std,decision_tree,default,ctx,mother_jones+stanford_msa,kaggle,0.42857142857142855,0.9127374575758309,0.42857142857142855,0.5543170823316294,0.7272727272727273,0.058394160583941604,0.10810810810810811
45,std,decision_tree,default,ctx,kaggle+stanford_msa,mother_jones,0.11464968152866242,0.05315190117737889,0.11464968152866242,0.06025331283402885,0.34782608695652173,0.32,0.3333333333333333
45,std,decision_tree,default,ctx,kaggle+mother_jones,stanford_msa,0.03592814371257485,0.715685256028094,0.03592814371257485,0.020502481160801285,0.8888888888888888,0.026058631921824105,0.05063291139240506
45,std,decision_tree,youden,ctx,mother_jones+stanford_msa,kaggle,0.4222222222222222,0.9098597463676829,0.4222222222222222,0.5495995757093609,0.0,0.0,0.0
45,std,decision_tree,youden,ctx,kaggle+stanford_msa,mother_jones,0.1592356687898089,0.036575036316906916,0.1592356687898089,0.05948645109745001,0.9130434782608695,0.21,0.34146341463414637
45,std,decision_tree,youden,ctx,kaggle+mother_jones,stanford_msa,0.03592814371257485,0.715685256028094,0.03592814371257485,0.020502481160801285,0.8888888888888888,0.026058631921824105,0.05063291139240506
45,std,decision_tree,youden_val,ctx,mother_jones+stanford_msa,kaggle,0.4222222222222222,0.9098695743072642,0.4222222222222222,0.5496171237671099,0.0,0.0,0.0
45,std,decision_tree,youden_val,ctx,kaggle+stanford_msa,mother_jones,0.09554140127388536,0.5207902500896131,0.09554140127388536,0.03775272549210189,0.0,0.0,0.0
45,std,decision_tree,youden_val,ctx,kaggle+mother_jones,stanford_msa,0.3502994011976048,0.952750748502994,0.3502994011976048,0.4906652285912457,0.0,0.0,0.0
45,std,multinomial_lr,default,ctx,mother_jones+stanford_msa,kaggle,0.45714285714285713,0.913762706724903,0.45714285714285713,0.5867432566021967,0.36363636363636365,0.05970149253731343,0.10256410256410256
45,std,multinomial_lr,default,ctx,kaggle+stanford_msa,mother_jones,0.1592356687898089,0.8195455048026121,0.1592356687898089,0.12678722266250517,0.5217391304347826,0.2926829268292683,0.375
45,std,multinomial_lr,default,ctx,kaggle+mother_jones,stanford_msa,0.5,0.9550853847859837,0.5,0.6345626545845163,0.8888888888888888,0.05333333333333334,0.10062893081761007
45,std,multinomial_lr,youden,ctx,mother_jones+stanford_msa,kaggle,0.4603174603174603,0.9209352209352208,0.4603174603174603,0.5889333311620093,0.45454545454545453,0.07352941176470588,0.12658227848101267
45,std,multinomial_lr,youden,ctx,kaggle+stanford_msa,mother_jones,0.1592356687898089,0.8195455048026121,0.1592356687898089,0.12678722266250517,0.5217391304347826,0.2926829268292683,0.375
45,std,multinomial_lr,youden,ctx,kaggle+mother_jones,stanford_msa,0.5119760479041916,0.9552985910427139,0.5119760479041916,0.6457257386662071,0.5555555555555556,0.0847457627118644,0.14705882352941177
45,std,multinomial_lr,youden_val,ctx,mother_jones+stanford_msa,kaggle,0.5555555555555556,0.9023480665156749,0.5555555555555556,0.6720095712015536,0.45454545454545453,0.05434782608695652,0.0970873786407767
45,std,multinomial_lr,youden_val,ctx,kaggle+stanford_msa,mother_jones,0.12738853503184713,0.8119173500964434,0.12738853503184713,0.10277456710577731,0.17391304347826086,0.23529411764705882,0.2
45,std,multinomial_lr,youden_val,ctx,kaggle+mother_jones,stanford_msa,0.49101796407185627,0.9545833534312272,0.49101796407185627,0.6256326140035939,1.0,0.056962025316455694,0.10778443113772455
45,std,naive_bayes,default,ctx,mother_jones+stanford_msa,kaggle,0.44761904761904764,0.9143944517378102,0.44761904761904764,0.5747145469479474,0.09090909090909091,0.09090909090909091,0.09090909090909091
45,std,naive_bayes,default,ctx,kaggle+stanford_msa,mother_jones,0.09554140127388536,0.7986261518153508,0.09554140127388536,0.041292969870509476,0.08695652173913043,0.14285714285714285,0.10810810810810811
45,std,naive_bayes,default,ctx,kaggle+mother_jones,stanford_msa,0.11377245508982035,0.9545264151499956,0.11377245508982035,0.16748551267220077,0.1111111111111111,0.07142857142857142,0.08695652173913043
45,std,naive_bayes,youden,ctx,mother_jones+stanford_msa,kaggle,0.44761904761904764,0.9134676873956523,0.44761904761904764,0.5752614065109555,0.6363636363636364,0.058333333333333334,0.10687022900763359
45,std,naive_bayes,youden,ctx,kaggle+stanford_msa,mother_jones,0.12738853503184713,0.8155678789979374,0.12738853503184713,0.07204362870012203,0.43478260869565216,0.2631578947368421,0.32786885245901637
45,std,naive_bayes,youden,ctx,kaggle+mother_jones,stanford_msa,0.11976047904191617,0.9546375998003992,0.11976047904191617,0.16869420278126324,0.5555555555555556,0.078125,0.136986301369863
45,std,naive_bayes,youden_val,ctx,mother_jones+stanford_msa,kaggle,0.4603174603174603,0.905457882214938,0.4603174603174603,0.5852292768959436,0.0,0.0,0.0
45,std,naive_bayes,youden_val,ctx,kaggle+stanford_msa,mother_jones,0.15286624203821655,0.8194922213098382,0.15286624203821655,0.11485987261146498,0.5217391304347826,0.2926829268292683,0.375
45,std,naive_bayes,youden_val,ctx,kaggle+mother_jones,stanford_msa,0.11976047904191617,0.9536060610217376,0.11976047904191617,0.16702967093873125,1.0,0.049723756906077346,0.09473684210526316
45,std,decision_tree,default,full,mother_jones+stanford_msa,kaggle,0.6730158730158731,0.925076401409024,0.673015873015873,0.760051303472356,0.8181818181818182,0.11688311688311688,0.20454545454545456
45,std,decision_tree,default,full,kaggle+stanford_msa,mother_jones,0.4968152866242038,0.7081748348667138,0.4968152866242038,0.5395483693147806,0.7391304347826086,0.265625,0.39080459770114945
45,std,decision_tree,default,full,kaggle+mother_jones,stanford_msa,0.03592814371257485,0.002144667022690861,0.03592814371257485,0.003964220715307742,0.8888888888888888,0.029411764705882353,0.05693950177935943
45,std,decision_tree,youden,full,mother_jones+stanford_msa,kaggle,0.6730158730158731,0.925076401409024,0.673015873015873,0.760051303472356,0.8181818181818182,0.11688311688311688,0.20454545454545456
45,std,decision_tree,youden,full,kaggle+stanford_msa,mother_jones,0.4968152866242038,0.7081748348667138,0.4968152866242038,0.5395483693147806,0.7391304347826086,0.265625,0.39080459770114945
45,std,decision_tree,youden,full,kaggle+mother_jones,stanford_msa,0.6676646706586826,0.9444943347373151,0.6676646706586826,0.7715392550369541,0.0,0.0,0.0
45,std,decision_tree,youden_val,full,mother_jones+stanford_msa,kaggle,0.6603174603174603,0.9227898055509997,0.6603174603174602,0.7544249273180296,0.09090909090909091,0.1,0.09523809523809523
45,std,decision_tree,youden_val,full,kaggle+stanford_msa,mother_jones,0.4267515923566879,0.6937373827751463,0.4267515923566879,0.49301243739127304,0.043478260869565216,0.2,0.07142857142857142
45,std,decision_tree,youden_val,full,kaggle+mother_jones,stanford_msa,0.718562874251497,0.956073430062951,0.7185628742514969,0.8103493146836177,0.1111111111111111,0.25,0.15384615384615385
45,std,multinomial_lr,default,full,mother_jones+stanford_msa,kaggle,0.7428571428571429,0.9204150558517623,0.7428571428571429,0.80853818727234,0.36363636363636365,0.17391304347826086,0.23529411764705882
45,std,multinomial_lr,default,full,kaggle+stanford_msa,mother_jones,0.267515923566879,0.7554366377296313,0.267515923566879,0.31221065651433993,0.43478260869565216,0.47619047619047616,0.45454545454545453
45,std,multinomial_lr,default,full,kaggle+mother_jones,stanford_msa,0.7904191616766467,0.9510198353293413,0.7904191616766467,0.8525193896489394,0.8888888888888888,0.125,0.2191780821917808
45,std,multinomial_lr,youden,full,mother_jones+stanford_msa,kaggle,0.7206349206349206,0.9172090449304784,0.7206349206349206,0.7947969327683312,0.36363636363636365,0.1111111111111111,0.1702127659574468
45,std,multinomial_lr,youden,full,kaggle+stanford_msa,mother_jones,0.3885350318471338,0.7672417148995395,0.3885350318471338,0.46132430978016586,0.5652173913043478,0.3939393939393939,0.4642857142857143
45,std,multinomial_lr,youden,full,kaggle+mother_jones,stanford_msa,0.7724550898203593,0.9542253402972704,0.7724550898203593,0.8427858754945757,0.7777777777777778,0.16666666666666666,0.27450980392156865
45,std,multinomial_lr,youden_val,full,mother_jones+stanford_msa,kaggle,0.6158730158730159,0.9159092848608977,0.6158730158730159,0.7165447845251955,0.18181818181818182,0.06060606060606061,0.09090909090909091
45,std,multinomial_lr,youden_val,full,kaggle+stanford_msa,mother_jones,0.28662420382165604,0.7229030072651716,0.28662420382165604,0.35926575380145614,0.34782608695652173,0.5333333333333333,0.42105263157894735
45,std,multinomial_lr,youden_val,full,kaggle+mother_jones,stanford_msa,0.8173652694610778,0.9519839441995132,0.8173652694610778,0.8698337590553158,0.8888888888888888,0.14285714285714285,0.24615384615384617
45,std,naive_bayes,default,full,mother_jones+stanford_msa,kaggle,0.44761904761904764,0.9139302186150076,0.44761904761904764,0.5744926348212733,0.09090909090909091,0.07692307692307693,0.08333333333333333
45,std,naive_bayes,default,full,kaggle+stanford_msa,mother_jones,0.17197452229299362,0.6953242617255356,0.17197452229299362,0.1800298494623442,0.043478260869565216,0.09090909090909091,0.058823529411764705
45,std,naive_bayes,default,full,kaggle+mother_jones,stanford_msa,0.11377245508982035,0.9545264151499956,0.11377245508982035,0.16748551267220077,0.1111111111111111,0.07142857142857142,0.08695652173913043
45,std,naive_bayes,youden,full,mother_jones+stanford_msa,kaggle,0.5523809523809524,0.914858567068433,0.5523809523809523,0.669626976570804,0.7272727272727273,0.06349206349206349,0.11678832116788321
45,std,naive_bayes,youden,full,kaggle+stanford_msa,mother_jones,0.24203821656050956,0.7240124712305304,0.24203821656050956,0.23037472409613785,0.6956521739130435,0.2857142857142857,0.4050632911392405
45,std,naive_bayes,youden,full,kaggle+mother_jones,stanford_msa,0.11976047904191617,0.9546175770729284,0.11976047904191617,0.1687143372101918,0.6666666666666666,0.08,0.14285714285714285
45,std,naive_bayes,youden_val,full,mother_jones+stanford_msa,kaggle,0.4634920634920635,0.9064451135645516,0.4634920634920635,0.5895541669526285,0.0,0.0,0.0
45,std,naive_bayes,youden_val,full,kaggle+stanford_msa,mother_jones,0.25477707006369427,0.7101053443316463,0.25477707006369427,0.30276720266946205,0.391304347826087,0.32142857142857145,0.35294117647058826
45,std,naive_bayes,youden_val,full,kaggle+mother_jones,stanford_msa,0.3263473053892216,0.9533808840431545,0.3263473053892216,0.4614124088052753,0.1111111111111111,0.014492753623188406,0.02564102564102564
45,quartile,decision_tree,default,ctx,mother_jones+stanford_msa,kaggle,0.3333333333333333,0.5313865975063056,0.3333333333333333,0.28802473832705355,0.6346153846153846,0.24087591240875914,0.3492063492063492
45,quartile,decision_tree,default,ctx,kaggle+stanford_msa,mother_jones,0.5605095541401274,0.31977788665686757,0.5605095541401274,0.4072273495385415,0.9887640449438202,0.5641025641025641,0.7183673469387755
45,quartile,decision_tree,default,ctx,kaggle+mother_jones,stanford_msa,0.1317365269461078,0.11036448004312917,0.1317365269461078,0.06397177316754593,0.8571428571428571,0.1157556270096463,0.20396600566572237
45,quartile,decision_tree,youden,ctx,mother_jones+stanford_msa,kaggle,0.33015873015873015,0.2732462094992508,0.33015873015873015,0.28114046625081923,0.6346153846153846,0.24087591240875914,0.3492063492063492
45,quartile,decision_tree,youden,ctx,kaggle+stanford_msa,mother_jones,0.25477707006369427,0.48777280465178563,0.25477707006369427,0.15762697379335305,0.07865168539325842,0.7777777777777778,0.14285714285714285
45,quartile,decision_tree,youden,ctx,kaggle+mother_jones,stanford_msa,0.4341317365269461,0.3348095322270588,0.4341317365269461,0.3378399994436215,0.21428571428571427,0.225,0.21951219512195122
45,quartile,decision_tree,youden_val,ctx,mother_jones+stanford_msa,kaggle,0.3333333333333333,0.44510924558992926,0.3333333333333333,0.2923764437548898,0.6346153846153846,0.24087591240875914,0.3492063492063492
45,quartile,decision_tree,youden_val,ctx,kaggle+stanford_msa,mother_jones,0.31210191082802546,0.49619071564260964,0.31210191082802546,0.2666045502114427,0.21348314606741572,0.7916666666666666,0.336283185840708
45,quartile,decision_tree,youden_val,ctx,kaggle+mother_jones,stanford_msa,0.12574850299401197,0.015812686005235038,0.12574850299401197,0.028092750668875014,1.0,0.12574850299401197,0.22340425531914893
45,quartile,multinomial_lr,default,ctx,mother_jones+stanford_msa,kaggle,0.3523809523809524,0.34907242825656853,0.3523809523809524,0.33584940749825937,0.4230769230769231,0.2558139534883721,0.3188405797101449
45,quartile,multinomial_lr,default,ctx,kaggle+stanford_msa,mother_jones,0.5286624203821656,0.44446420874752846,0.5286624203821656,0.47955538903459477,0.7415730337078652,0.673469387755102,0.7058823529411765
45,quartile,multinomial_lr,default,ctx,kaggle+mother_jones,stanford_msa,0.26646706586826346,0.18397819745125135,0.26646706586826346,0.17067609888630988,0.9523809523809523,0.23809523809523808,0.38095238095238093
45,quartile,multinomial_lr,youden,ctx,mother_jones+stanford_msa,kaggle,0.35555555555555557,0.5419930265682873,0.35555555555555557,0.3090881354345152,0.5961538461538461,0.256198347107438,0.3583815028901734
45,quartile,multinomial_lr,youden,ctx,kaggle+stanford_msa,mother_jones,0.22929936305732485,0.496436217084459,0.22929936305732485,0.2239973055890316,0.1348314606741573,0.75,0.22857142857142856
45,quartile,multinomial_lr,youden,ctx,kaggle+mother_jones,stanford_msa,0.281437125748503,0.428706871970345,0.281437125748503,0.24108889444276402,0.8095238095238095,0.2361111111111111,0.3655913978494624
45,quartile,multinomial_lr,youden_val,ctx,mother_jones+stanford_msa,kaggle,0.35873015873015873,0.37552212282762565,0.35873015873015873,0.31847131877392315,0.4230769230769231,0.25882352941176473,0.32116788321167883
45,quartile,multinomial_lr,youden_val,ctx,kaggle+stanford_msa,mother_jones,0.5286624203821656,0.44688163481953297,0.5286624203821656,0.4797116820950806,0.7303370786516854,0.6770833333333334,0.7027027027027027
45,quartile,multinomial_lr,youden_val,ctx,kaggle+mother_jones,stanford_msa,0.1377245508982036,0.27121946583024426,0.1377245508982036,0.05173763444108002,1.0,0.12962962962962962,0.22950819672131148
45,quartile,naive_bayes,default,ctx,mother_jones+stanford_msa,kaggle,0.3142857142857143,0.16904447172127277,0.3142857142857143,0.21070838902429434,0.8653846153846154,0.25280898876404495,0.391304347826087
45,quartile,naive_bayes,default,ctx,kaggle+stanford_msa,mother_jones,0.1910828025477707,0.48936667023497293,0.1910828025477707,0.18561930844852326,0.14606741573033707,0.8125,0.24761904761904763
45,quartile,naive_bayes,default,ctx,kaggle+mother_jones,stanford_msa,0.3712574850299401,0.4486504826219351,0.3712574850299401,0.3286672494620702,0.09523809523809523,0.8,0.1702127659574468
45,quartile,naive_bayes,youden,ctx,mother_jones+stanford_msa,kaggle,0.31746031746031744,0.3392418665266023,0.31746031746031744,0.2987484035759898,0.6923076923076923,0.2517482517482518,0.36923076923076925
45,quartile,naive_bayes,youden,ctx,kaggle+stanford_msa,mother_jones,0.267515923566879,0.5101878164298547,0.267515923566879,0.21742465503686065,0.1348314606741573,0.8,0.23076923076923078
45,quartile,naive_bayes,youden,ctx,kaggle+mother_jones,stanford_msa,0.3712574850299401,0.4486504826219351,0.3712574850299401,0.3286672494620702,0.09523809523809523,0.8,0.1702127659574468
45,quartile,naive_bayes,youden_val,ctx,mother_jones+stanford_msa,kaggle,0.3111111111111111,0.3228233600088611,0.3111111111111111,0.2900012506427903,0.46153846153846156,0.26373626373626374,0.3356643356643357
45,quartile,naive_bayes,youden_val,ctx,kaggle+stanford_msa,mother_jones,0.18471337579617833,0.4821708953170959,0.18471337579617833,0.17591766056123442,0.1348314606741573,0.8,0.23076923076923078
45,quartile,naive_bayes,youden_val,ctx,kaggle+mother_jones,stanford_msa,0.26646706586826346,0.4658230531418366,0.26646706586826346,0.2441474001506479,0.11904761904761904,0.7142857142857143,0.20408163265306123
45,quartile,decision_tree,default,full,mother_jones+stanford_msa,kaggle,0.3142857142857143,0.24303244239935237,0.3142857142857143,0.2597055441466544,0.6538461538461539,0.3300970873786408,0.43870967741935485
45,quartile,decision_tree,default,full,kaggle+stanford_msa,mother_jones,0.4840764331210191,0.4361086261107601,0.4840764331210191,0.44582214235207646,0.6179775280898876,0.6626506024096386,0.6395348837209303
45,quartile,decision_tree,default,full,kaggle+mother_jones,stanford_msa,0.4161676646706587,0.3604474025290305,0.4161676646706587,0.37930042354315757,0.0,0.0,0.0
45,quartile,decision_tree,youden,full,mother_jones+stanford_msa,kaggle,0.3111111111111111,0.3783074205675344,0.3111111111111111,0.2873714848120604,0.038461538461538464,0.6666666666666666,0.07272727272727272
45,quartile,decision_tree,youden,full,kaggle+stanford_msa,mother_jones,0.4840764331210191,0.4361086261107601,0.4840764331210191,0.44582214235207646,0.6179775280898876,0.6626506024096386,0.6395348837209303
45,quartile,decision_tree,youden,full,kaggle+mother_jones,stanford_msa,0.3323353293413174,0.32522763968952995,0.3323353293413174,0.3047761977035505,0.21428571428571427,0.2571428571428571,0.23376623376623376
45,quartile,decision_tree,youden_val,full,mother_jones+stanford_msa,kaggle,0.273015873015873,0.19129643818088476,0.273015873015873,0.14768932783760608,0.1346153846153846,0.4666666666666667,0.208955223880597
45,quartile,decision_tree,youden_val,full,kaggle+stanford_msa,mother_jones,0.46496815286624205,0.4780553622722975,0.46496815286624205,0.4662985205336825,0.6067415730337079,0.675,0.6390532544378699
45,quartile,decision_tree,youden_val,full,kaggle+mother_jones,stanford_msa,0.24251497005988024,0.22852698735708832,0.24251497005988024,0.1593696885827839,0.07142857142857142,1.0,0.13333333333333333
45,quartile,multinomial_lr,default,full,mother_jones+stanford_msa,kaggle,0.3968253968253968,0.3923864997590979,0.3968253968253968,0.3878152434868276,0.36538461538461536,0.35185185185185186,0.3584905660377358
45,quartile,multinomial_lr,default,full,kaggle+stanford_msa,mother_jones,0.5668789808917197,0.439500887543072,0.5668789808917197,0.4925143782873127,0.8764044943820225,0.639344262295082,0.7393364928909952
45,quartile,multinomial_lr,default,full,kaggle+mother_jones,stanford_msa,0.30538922155688625,0.42584221436903286,0.30538922155688625,0.2338013948792392,0.40476190476190477,0.3953488372093023,0.4
45,quartile,multinomial_lr,youden,full,mother_jones+stanford_msa,kaggle,0.3619047619047619,0.3705163012447185,0.3619047619047619,0.3393515534373069,0.5192307692307693,0.3,0.38028169014084506
45,quartile,multinomial_lr,youden,full,kaggle+stanford_msa,mother_jones,0.5031847133757962,0.5001273885350318,0.5031847133757962,0.500151653017895,0.6853932584269663,0.6853932584269663,0.6853932584269663
45,quartile,multinomial_lr,youden,full,kaggle+mother_jones,stanford_msa,0.32934131736526945,0.44681486451232794,0.32934131736526945,0.3250399601593251,0.5476190476190477,0.3194444444444444,0.40350877192982454
45,quartile,multinomial_lr,youden_val,full,mother_jones+stanford_msa,kaggle,0.37777777777777777,0.3815997703429198,0.37777777777777777,0.3560504213827678,0.4423076923076923,0.2875,0.3484848484848485
45,quartile,multinomial_lr,youden_val,full,kaggle+stanford_msa,mother_jones,0.5477707006369427,0.4286025368827917,0.5477707006369427,0.48038221937822134,0.8314606741573034,0.6324786324786325,0.7184466019417476
45,quartile,multinomial_lr,youden_val,full,kaggle+mother_jones,stanford_msa,0.38023952095808383,0.43008340685400354,0.38023952095808383,0.38247018295611934,0.6428571428571429,0.3068181818181818,0.4153846153846154
45,quartile,naive_bayes,default,full,mother_jones+stanford_msa,kaggle,0.346031746031746,0.32645369101704286,0.346031746031746,0.22439858467255727,0.17307692307692307,0.42857142857142855,0.2465753424657534
45,quartile,naive_bayes,default,full,kaggle+stanford_msa,mother_jones,0.5031847133757962,0.4695321998501139,0.5031847133757962,0.46453234998323834,0.7415730337078652,0.6534653465346535,0.6947368421052632
45,quartile,naive_bayes,default,full,kaggle+mother_jones,stanford_msa,0.38323353293413176,0.44895656821025826,0.38323353293413176,0.3356358256242527,0.09523809523809523,0.8,0.1702127659574468
45,quartile,naive_bayes,youden,full,mother_jones+stanford_msa,kaggle,0.3238095238095238,0.3681865188720562,0.3238095238095238,0.2663400193187428,0.7115384615384616,0.27205882352941174,0.39361702127659576
45,quartile,naive_bayes,youden,full,kaggle+stanford_msa,mother_jones,0.45222929936305734,0.5489453221937298,0.45222929936305734,0.46805961120932693,0.5168539325842697,0.8214285714285714,0.6344827586206897
45,quartile,naive_bayes,youden,full,kaggle+mother_jones,stanford_msa,0.36227544910179643,0.5416762236907661,0.36227544910179643,0.3494597968919203,0.09523809523809523,0.8,0.1702127659574468
45,quartile,naive_bayes,youden_val,full,mother_jones+stanford_msa,kaggle,0.3238095238095238,0.349314244216205,0.3238095238095238,0.2736082009845982,0.7884615384615384,0.2847222222222222,0.41836734693877553
45,quartile,naive_bayes,youden_val,full,kaggle+stanford_msa,mother_jones,0.4713375796178344,0.4959557232082123,0.4713375796178344,0.4442908274516555,0.7303370786516854,0.6310679611650486,0.6770833333333334
45,quartile,naive_bayes,youden_val,full,kaggle+mother_jones,stanford_msa,0.37425149700598803,0.5086201772404271,0.37425149700598803,0.334537785173576,0.11904761904761904,0.7142857142857143,0.20408163265306123
46,rule,decision_tree,default,ctx,mother_jones+stanford_msa,kaggle,0.4095238095238095,0.7359040762631708,0.4095238095238095,0.5003112583214107,0.10526315789473684,0.3333333333333333,0.16
46,rule,decision_tree,default,ctx,kaggle+stanford_msa,mother_jones,0.29936305732484075,0.15311440152204484,0.29936305732484075,0.14860267279698786,0.0,0.0,0.0
46,rule,decision_tree,default,ctx,kaggle+mother_jones,stanford_msa,0.4251497005988024,0.8409836021101863,0.4251497005988024,0.496944283027365,0.06666666666666667,0.14285714285714285,0.09090909090909091
46,rule,decision_tree,youden,ctx,mother_jones+stanford_msa,kaggle,0.30793650793650795,0.7550691638900261,0.30793650793650795,0.3983989251142446,0.21052631578947367,0.0851063829787234,0.12121212121212122
46,rule,decision_tree,youden,ctx,kaggle+stanford_msa,mother_jones,0.09554140127388536,0.07180081065431385,0.09554140127388536,0.026442771665701602,1.0,0.09090909090909091,0.16666666666666666
46,rule,decision_tree,youden,ctx,kaggle+mother_jones,stanford_msa,0.4251497005988024,0.8409836021101863,0.4251497005988024,0.496944283027365,0.06666666666666667,0.14285714285714285,0.09090909090909091
46,rule,decision_tree,youden_val,ctx,mother_jones+stanford_msa,kaggle,0.2634920634920635,0.7498037959322363,0.2634920634920635,0.3470865928536731,0.0,0.0,0.0
46,rule,decision_tree,youden_val,ctx,kaggle+stanford_msa,mother_jones,0.12738853503184713,0.016331863465621425,0.12738853503184713,0.028951939779965255,0.0,0.0,0.0
46,rule,decision_tree,youden_val,ctx,kaggle+mother_jones,stanford_msa,0.3592814371257485,0.8105892948079545,0.3592814371257485,0.46822900104073095,0.06666666666666667,0.14285714285714285,0.09090909090909091
46,rule,multinomial_lr,default,ctx,mother_jones+stanford_msa,kaggle,0.4634920634920635,0.7500047246898107,0.4634920634920635,0.5513537324329347,0.3684210526315789,0.109375,0.1686746987951807
46,rule,multinomial_lr,default,ctx,kaggle+stanford_msa,mother_jones,0.19745222929936307,0.27612567899192103,0.19745222929936307,0.1488395836681446,0.5714285714285714,0.12121212121212122,0.2
46,rule,multinomial_lr,default,ctx,kaggle+mother_jones,stanford_msa,0.4491017964071856,0.8311563944795646,0.4491017964071856,0.5573241812517392,0.13333333333333333,0.10526315789473684,0.11764705882352941
46,rule,multinomial_lr,youden,ctx,mother_jones+stanford_msa,kaggle,0.36507936507936506,0.7746636703502117,0.36507936507936506,0.4557998234954398,0.3684210526315789,0.0875,0.1414141414141414
46,rule,multinomial_lr,youden,ctx,kaggle+stanford_msa,mother_jones,0.28662420382165604,0.1786535739561217,0.28662420382165604,0.16336538982439164,0.21428571428571427,0.3333333333333333,0.2608695652173913
46,rule,multinomial_lr,youden,ctx,kaggle+mother_jones,stanford_msa,0.44610778443113774,0.8412533833398914,0.44610778443113774,0.5589715175513916,0.26666666666666666,0.08163265306122448,0.125
46,rule,multinomial_lr,youden_val,ctx,mother_jones+stanford_msa,kaggle,0.38095238095238093,0.7729504567223866,0.38095238095238093,0.46196621263289916,0.21052631578947367,0.08888888888888889,0.125
46,rule,multinomial_lr,youden_val,ctx,kaggle+stanford_msa,mother_jones,0.21656050955414013,0.16540069364771665,0.21656050955414013,0.14545296911422081,0.5,0.10144927536231885,0.1686746987951807
46,rule,multinomial_lr,youden_val,ctx,kaggle+mother_jones,stanford_msa,0.45808383233532934,0.8251461672329675,0.45808383233532934,0.5314666617646356,0.0,0.0,0.0
46,rule,naive_bayes,default,ctx,mother_jones+stanford_msa,kaggle,0.12698412698412698,0.7490423280423281,0.12698412698412698,0.14790050005523633,0.2631578947368421,0.043859649122807015,0.07518796992481203
46,rule,naive_bayes,default,ctx,kaggle+stanford_msa,mother_jones,0.09554140127388536,0.03374530729320454,0.09554140127388536,0.02532329666087628,1.0,0.09271523178807947,0.1696969696969697
46,rule,naive_bayes,default,ctx,kaggle+mother_jones,stanford_msa,0.1317365269461078,0.8232928083227484,0.1317365269461078,0.15967965678660567,1.0,0.050505050505050504,0.09615384615384616
46,rule,naive_bayes,youden,ctx,mother_jones+stanford_msa,kaggle,0.12698412698412698,0.7493979797979797,0.12698412698412698,0.14859619381545722,0.47368421052631576,0.05454545454545454,0.09782608695652174
46,rule,naive_bayes,youden,ctx,kaggle+stanford_msa,mother_jones,0.28662420382165604,0.111938182616856,0.28662420382165604,0.1505269330867749,0.0,0.0,0.0
46,rule,naive_bayes,youden,ctx,kaggle+mother_jones,stanford_msa,0.1317365269461078,0.8217635242335842,0.1317365269461078,0.16000389246723698,0.7333333333333333,0.04700854700854701,0.08835341365461848
46,rule,naive_bayes,youden_val,ctx,mother_jones+stanford_msa,kaggle,0.3396825396825397,0.7498085240644544,0.3396825396825397,0.4239670486673454,0.5789473684210527,0.08396946564885496,0.14666666666666667
46,rule,naive_bayes,youden_val,ctx,kaggle+stanford_msa,mother_jones,0.09554140127388536,0.029554140127388533,0.09554140127388536,0.02502360153439849,1.0,0.09333333333333334,0.17073170731707318
46,rule,naive_bayes,youden_val,ctx,kaggle+mother_jones,stanford_msa,0.4251497005988024,0.8208141721405892,0.4251497005988024,0.534678738634352,0.0,0.0,0.0
46,rule,decision_tree,default,full,mother_jones+stanford_msa,kaggle,0.6285714285714286,0.6766134658991801,0.6285714285714286,0.6436569875739383,0.47368421052631576,0.125,0.1978021978021978
46,rule,decision_tree,default,full,kaggle+stanford_msa,mother_jones,0.42038216560509556,0.4806478710129916,0.42038216560509556,0.3924557819711732,0.0,0.0,0.0
46,rule,decision_tree,default,full,kaggle+mother_jones,stanford_msa,0.6676646706586826,0.7743824507139926,0.6676646706586826,0.7079072670199992,0.5333333333333333,0.12903225806451613,0.2077922077922078
46,rule,decision_tree,youden,full,mother_jones+stanford_msa,kaggle,0.3111111111111111,0.7799111659315741,0.3111111111111111,0.37756941274684674,0.47368421052631576,0.125,0.1978021978021978
46,rule,decision_tree,youden,full,kaggle+stanford_msa,mother_jones,0.1464968152866242,0.03354357620009321,0.1464968152866242,0.05448603258665521,0.42857142857142855,0.08,0.1348314606741573
46,rule,decision_tree,youden,full,kaggle+mother_jones,stanford_msa,0.3562874251497006,0.8442582105790085,0.3562874251497006,0.4296547528774967,0.5333333333333333,0.12903225806451613,0.2077922077922078
46,rule,decision_tree,youden_val,full,mother_jones+stanford_msa,kaggle,0.33015873015873015,0.7652457288401989,0.33015873015873015,0.37521973627707056,0.0,0.0,0.0
46,rule,decision_tree,youden_val,full,kaggle+stanford_msa,mother_jones,0.14012738853503184,0.032296925375481636,0.14012738853503184,0.052383911546525726,0.42857142857142855,0.08,0.1348314606741573
46,rule,decision_tree,youden_val,full,kaggle+mother_jones,stanford_msa,0.5778443113772455,0.757117577000223,0.5778443113772455,0.6397504686675282,0.2,0.0625,0.09523809523809523
46,rule,multinomial_lr,default,full,mother_jones+stanford_msa,kaggle,0.5619047619047619,0.7612662224142198,0.5619047619047619,0.6281043886006484,0.47368421052631576,0.15517241379310345,0.23376623376623376
46,rule,multinomial_lr,default,full,kaggle+stanford_msa,mother_jones,0.2802547770700637,0.4201621924990677,0.2802547770700637,0.23392880960822962,0.5,0.18421052631578946,0.2692307692307692
46,rule,multinomial_lr,default,full,kaggle+mother_jones,stanford_msa,0.6467065868263473,0.7442862721761446,0.6467065868263473,0.6829053518254126,0.06666666666666667,0.07142857142857142,0.06896551724137931
46,rule,multinomial_lr,youden,full,mother_jones+stanford_msa,kaggle,0.5682539682539682,0.7449181360859622,0.5682539682539682,0.6321845201157407,0.3684210526315789,0.1590909090909091,0.2222222222222222
46,rule,multinomial_lr,youden,full,kaggle+stanford_msa,mother_jones,0.2929936305732484,0.4900893322116733,0.2929936305732484,0.2987566826189687,0.6428571428571429,0.16981132075471697,0.26865671641791045
46,rule,multinomial_lr,youden,full,kaggle+mother_jones,stanford_msa,0.4820359281437126,0.8350637057087803,0.4820359281437126,0.581465903895189,0.3333333333333333,0.07936507936507936,0.1282051282051282
46,rule,multinomial_lr,youden_val,full,mother_jones+stanford_msa,kaggle,0.48253968253968255,0.783976592513178,0.48253968253968255,0.5516882741258701,0.5789473684210527,0.13414634146341464,0.21782178217821782
46,rule,multinomial_lr,youden_val,full,kaggle+stanford_msa,mother_jones,0.2611464968152866,0.3665762238261301,0.2611464968152866,0.17486782621765892,0.5714285714285714,0.20512820512820512,0.3018867924528302
46,rule,multinomial_lr,youden_val,full,kaggle+mother_jones,stanford_msa,0.6676646706586826,0.7631620816338338,0.6676646706586825,0.7050473165558631,0.0,0.0,0.0
46,rule,naive_bayes,default,full,mother_jones+stanford_msa,kaggle,0.1873015873015873,0.763277872149211,0.1873015873015873,0.23059163059163057,0.7368421052631579,0.0660377358490566,0.12121212121212122
46,rule,naive_bayes,default,full,kaggle+stanford_msa,mother_jones,0.10828025477707007,0.110970208759643,0.10828025477707007,0.06624610164670507,0.7857142857142857,0.09243697478991597,0.16541353383458646
46,rule,naive_bayes,default,full,kaggle+mother_jones,stanford_msa,0.1317365269461078,0.8232928083227484,0.1317365269461078,0.15967965678660567,1.0,0.050505050505050504,0.09615384615384616
46,rule,naive_bayes,youden,full,mother_jones+stanford_msa,kaggle,0.43174603174603177,0.7756434400502197,0.43174603174603177,0.5249401597920376,0.15789473684210525,0.14285714285714285,0.15
46,rule,naive_bayes,youden,full,kaggle+stanford_msa,mother_jones,0.1910828025477707,0.4145984070735959,0.1910828025477707,0.15836771525831234,0.42857142857142855,0.13953488372093023,0.21052631578947367
46,rule,naive_bayes,youden,full,kaggle+mother_jones,stanford_msa,0.33532934131736525,0.8227676916336184,0.3353293413173653,0.43498096357700766,0.6,0.057692307692307696,0.10526315789473684
46,rule,naive_bayes,youden_val,full,mother_jones+stanford_msa,kaggle,0.346031746031746,0.8102977427090903,0.346031746031746,0.43299547032758423,0.3684210526315789,0.0707070707070707,0.11864406779661017
46,rule,naive_bayes,youden_val,full,kaggle+stanford_msa,mother_jones,0.10828025477707007,0.09965371209282788,0.10828025477707007,0.06550998412406607,0.7857142857142857,0.09243697478991597,0.16541353383458646
46,rule,naive_bayes,youden_val,full,kaggle+mother_jones,stanford_msa,0.5059880239520959,0.8205023956561152,0.5059880239520959,0.5949127843510577,0.0,0.0,0.0
46,std,decision_tree,default,ctx,mother_jones+stanford_msa,kaggle,0.42857142857142855,0.9127374575758309,0.42857142857142855,0.5543170823316294,0.7272727272727273,0.058394160583941604,0.10810810810810811
46,std,decision_tree,default,ctx,kaggle+stanford_msa,mother_jones,0.12101910828025478,0.04501454414939494,0.12101910828025478,0.06062836369920505,0.4782608695652174,0.2682926829268293,0.34375
46,std,decision_tree,default,ctx,kaggle+mother_jones,stanford_msa,0.09281437125748503,0.9114801293540418,0.09281437125748503,0.12436679061232374,1.0,0.028938906752411574,0.05625
46,std,decision_tree,youden,ctx,mother_jones+stanford_msa,kaggle,0.4222222222222222,0.9098597463676829,0.4222222222222222,0.5495995757093609,0.0,0.0,0.0
46,std,decision_tree,youden,ctx,kaggle+stanford_msa,mother_jones,0.1592356687898089,0.036575036316906916,0.1592356687898089,0.05948645109745001,0.9130434782608695,0.21,0.34146341463414637
46,std,decision_tree,youden,ctx,kaggle+mother_jones,stanford_msa,0.09281437125748503,0.9124442675694656,0.09281437125748503,0.12598204414780598,0.7777777777777778,0.025830258302583026,0.05
46,std,decision_tree,youden_val,ctx,mother_jones+stanford_msa,kaggle,0.4222222222222222,0.9098695743072642,0.4222222222222222,0.5496171237671099,0.0,0.0,0.0
46,std,decision_tree,youden_val,ctx,kaggle+stanford_msa,mother_jones,0.11464968152866242,0.05315190117737889,0.11464968152866242,0.06025331283402885,0.34782608695652173,0.32,0.3333333333333333
46,std,decision_tree,youden_val,ctx,kaggle+mother_jones,stanford_msa,0.3502994011976048,0.952750748502994,0.3502994011976048,0.4906652285912457,0.0,0.0,0.0
46,std,multinomial_lr,default,ctx,mother_jones+stanford_msa,kaggle,0.45714285714285713,0.913762706724903,0.45714285714285713,0.5867432566021967,0.36363636363636365,0.05970149253731343,0.10256410256410256
46,std,multinomial_lr,default,ctx,kaggle+stanford_msa,mother_jones,0.1592356687898089,0.8195455048026121,0.1592356687898089,0.12678722266250517,0.5217391304347826,0.2926829268292683,0.375
46,std,multinomial_lr,default,ctx,kaggle+mother_jones,stanford_msa,0.5,0.9546130612674942,0.5,0.6337883243737835,1.0,0.05806451612903226,0.10975609756097561
46,std,multinomial_lr,youden,ctx,mother_jones+stanford_msa,kaggle,0.4603174603174603,0.9209352209352208,0.4603174603174603,0.5889333311620093,0.45454545454545453,0.07352941176470588,0.12658227848101267
46,std,multinomial_lr,youden,ctx,kaggle+stanford_msa,mother_jones,0.1592356687898089,0.8195455048026121,0.1592356687898089,0.12678722266250517,0.5217391304347826,0.2926829268292683,0.375
46,std,multinomial_lr,youden,ctx,kaggle+mother_jones,stanford_msa,0.5059880239520959,0.9553145585393017,0.5059880239520959,0.6404873012595499,0.6666666666666666,0.09090909090909091,0.16
46,std,multinomial_lr,youden_val,ctx,mother_jones+stanford_msa,kaggle,0.473015873015873,0.9146480354567588,0.473015873015873,0.6017080043740103,0.36363636363636365,0.06451612903225806,0.1095890410958904
46,std,multinomial_lr,youden_val,ctx,kaggle+stanford_msa,mother_jones,0.21656050955414013,0.6831385175334219,0.21656050955414013,0.17584392772789675,0.9565217391304348,0.15384615384615385,0.26506024096385544
46,std,multinomial_lr,youden_val,ctx,kaggle+mother_jones,stanford_msa,0.4161676646706587,0.9543736669730584,0.4161676646706587,0.5535033915621661,1.0,0.04918032786885246,0.09375
46,std,naive_bayes,default,ctx,mother_jones+stanford_msa,kaggle,0.44761904761904764,0.9143944517378102,0.44761904761904764,0.5747145469479474,0.09090909090909091,0.09090909090909091,0.09090909090909091
46,std,naive_bayes,default,ctx,kaggle+stanford_msa,mother_jones,0.09554140127388536,0.7986261518153508,0.09554140127388536,0.041292969870509476,0.08695652173913043,0.14285714285714285,0.10810810810810811
46,std,naive_bayes,default,ctx,kaggle+mother_jones,stanford_msa,0.11377245508982035,0.9545264151499956,0.11377245508982035,0.16748551267220077,0.1111111111111111,0.07142857142857142,0.08695652173913043
46,std,naive_bayes,youden,ctx,mother_jones+stanford_msa,kaggle,0.4444444444444444,0.9130326677716277,0.4444444444444444,0.5745442191258231,0.36363636363636365,0.056338028169014086,0.0975609756097561
46,std,naive_bayes,youden,ctx,kaggle+stanford_msa,mother_jones,0.12738853503184713,0.8155678789979374,0.12738853503184713,0.07204362870012203,0.43478260869565216,0.2631578947368421,0.32786885245901637
46,std,naive_bayes,youden,ctx,kaggle+mother_jones,stanford_msa,0.11377245508982035,0.9553734635991177,0.11377245508982035,0.16886518480684895,0.2222222222222222,0.10526315789473684,0.14285714285714285
46,std,naive_bayes,youden_val,ctx,mother_jones+stanford_msa,kaggle,0.45714285714285713,0.906890895955644,0.45714285714285713,0.5875409151293535,0.2727272727272727,0.046153846153846156,0.07894736842105263
46,std,naive_bayes,youden_val,ctx,kaggle+stanford_msa,mother_jones,0.17197452229299362,0.6685168334849865,0.17197452229299362,0.16029785914161115,0.4782608695652174,0.3142857142857143,0.3793103448275862
46,std,naive_bayes,youden_val,ctx,kaggle+mother_jones,stanford_msa,0.4161676646706587,0.9541030818829987,0.4161676646706587,0.5592446971130306,0.4444444444444444,0.04878048780487805,0.08791208791208792
46,std,decision_tree,default,full,mother_jones+stanford_msa,kaggle,0.6730158730158731,0.925076401409024,0.673015873015873,0.760051303472356,0.8181818181818182,0.11688311688311688,0.20454545454545456
46,std,decision_tree,default,full,kaggle+stanford_msa,mother_jones,0.4968152866242038,0.7081748348667138,0.4968152866242038,0.5395483693147806,0.7391304347826086,0.265625,0.39080459770114945
46,std,decision_tree,default,full,kaggle+mother_jones,stanford_msa,0.7514970059880239,0.9541763911721366,0.751497005988024,0.8259375676798894,0.8888888888888888,0.14035087719298245,0.24242424242424243
46,std,decision_tree,youden,full,mother_jones+stanford_msa,kaggle,0.6730158730158731,0.925076401409024,0.673015873015873,0.760051303472356,0.8181818181818182,0.11688311688311688,0.20454545454545456
46,std,decision_tree,youden,full,kaggle+stanford_msa,mother_jones,0.4968152866242038,0.7081748348667138,0.4968152866242038,0.5395483693147806,0.7391304347826086,0.265625,0.39080459770114945
46,std,decision_tree,youden,full,kaggle+mother_jones,stanford_msa,0.7335329341317365,0.9537585219355095,0.7335329341317365,0.8136477243142175,0.8888888888888888,0.14035087719298245,0.24242424242424243
46,std,decision_tree,youden_val,full,mother_jones+stanford_msa,kaggle,0.653968253968254,0.9188154465766406,0.6539682539682539,0.7502509186719714,0.0,0.0,0.0
46,std,decision_tree,youden_val,full,kaggle+stanford_msa,mother_jones,0.5859872611464968,0.7062794808237374,0.5859872611464968,0.618713610782062,0.6956521739130435,0.2857142857142857,0.4050632911392405
46,std,decision_tree,youden_val,full,kaggle+mother_jones,stanford_msa,0.5598802395209581,0.9323539027513628,0.5598802395209581,0.6868182887932653,0.0,0.0,0.0
46,std,multinomial_lr,default,full,mother_jones+stanford_msa,kaggle,0.7396825396825397,0.9147406978985927,0.7396825396825396,0.8063889730724765,0.2727272727272727,0.13636363636363635,0.18181818181818182
46,std,multinomial_lr,default,full,kaggle+stanford_msa,mother_jones,0.2611464968152866,0.7515807759119861,0.2611464968152866,0.3094930870781529,0.43478260869565216,0.45454545454545453,0.4444444444444444
46,std,multinomial_lr,default,full,kaggle+mother_jones,stanford_msa,0.811377245508982,0.9507455531064052,0.811377245508982,0.8659922790648453,0.8888888888888888,0.13114754098360656,0.22857142857142856
46,std,multinomial_lr,youden,full,mother_jones+stanford_msa,kaggle,0.6984126984126984,0.9163649538556876,0.6984126984126984,0.7778665413589992,0.36363636363636365,0.10526315789473684,0.16326530612244897
46,std,multinomial_lr,youden,full,kaggle+stanford_msa,mother_jones,0.445859872611465,0.7560401583784996,0.445859872611465,0.5188141489729502,0.5652173913043478,0.40625,0.4727272727272727
46,std,multinomial_lr,youden,full,kaggle+mother_jones,stanford_msa,0.7155688622754491,0.953163029194629,0.715568862275449,0.802714803460145,0.8888888888888888,0.14814814814814814,0.25396825396825395
46,std,multinomial_lr,youden_val,full,mother_jones+stanford_msa,kaggle,0.746031746031746,0.9099834708373222,0.746031746031746,0.8115059226660065,0.36363636363636365,0.09090909090909091,0.14545454545454545
46,std,multinomial_lr,youden_val,full,kaggle+stanford_msa,mother_jones,0.1910828025477707,0.8520425266989128,0.1910828025477707,0.18784110597835338,0.30434782608695654,0.5,0.3783783783783784
46,std,multinomial_lr,youden_val,full,kaggle+mother_jones,stanford_msa,0.7455089820359282,0.9494103573134309,0.7455089820359282,0.8219707290364738,1.0,0.10714285714285714,0.1935483870967742
46,std,naive_bayes,default,full,mother_jones+stanford_msa,kaggle,0.44761904761904764,0.9139302186150076,0.44761904761904764,0.5744926348212733,0.09090909090909091,0.07692307692307693,0.08333333333333333
46,std,naive_bayes,default,full,kaggle+stanford_msa,mother_jones,0.17197452229299362,0.6953242617255356,0.17197452229299362,0.1800298494623442,0.043478260869565216,0.09090909090909091,0.058823529411764705
46,std,naive_bayes,default,full,kaggle+mother_jones,stanford_msa,0.11377245508982035,0.9545264151499956,0.11377245508982035,0.16748551267220077,0.1111111111111111,0.07142857142857142,0.08695652173913043
46,std,naive_bayes,youden,full,mother_jones+stanford_msa,kaggle,0.5555555555555556,0.914819903339238,0.5555555555555556,0.6721061168636062,0.7272727272727273,0.06451612903225806,0.11851851851851852
46,std,naive_bayes,youden,full,kaggle+stanford_msa,mother_jones,0.3057324840764331,0.7311240776208928,0.3057324840764331,0.3157760124565391,0.782608695652174,0.27692307692307694,0.4090909090909091
46,std,naive_bayes,youden,full,kaggle+mother_jones,stanford_msa,0.11077844311377245,0.9533540761614027,0.11077844311377245,0.16631568848961756,0.1111111111111111,0.029411764705882353,0.046511627906976744
46,std,naive_bayes,youden_val,full,mother_jones+stanford_msa,kaggle,0.4666666666666667,0.9078418999857644,0.4666666666666667,0.5892479213907785,0.2727272727272727,0.04918032786885246,0.08333333333333333
46,std,naive_bayes,youden_val,full,kaggle+stanford_msa,mother_jones,0.24203821656050956,0.6970011610801856,0.24203821656050956,0.2718898286403768,0.391304347826087,0.36,0.375
46,std,naive_bayes,youden_val,full,kaggle+mother_jones,stanford_msa,0.33532934131736525,0.9541751661512141,0.33532934131736525,0.469706294909333,0.5555555555555556,0.054945054945054944,0.1
46,quartile,decision_tree,default,ctx,mother_jones+stanford_msa,kaggle,0.2984126984126984,0.1639959687578735,0.2984126984126984,0.20007178211429955,0.8653846153846154,0.23809523809523808,0.37344398340248963
46,quartile,decision_tree,default,ctx,kaggle+stanford_msa,mother_jones,0.5605095541401274,0.31977788665686757,0.5605095541401274,0.4072273495385415,0.9887640449438202,0.5641025641025641,0.7183673469387755
46,quartile,decision_tree,default,ctx,kaggle+mother_jones,stanford_msa,0.1317365269461078,0.11036448004312917,0.1317365269461078,0.06397177316754593,0.8571428571428571,0.1157556270096463,0.20396600566572237
46,quartile,decision_tree,youden,ctx,mother_jones+stanford_msa,kaggle,0.3111111111111111,0.2690542782075963,0.3111111111111111,0.26432509235578294,0.0,0.0,0.0
46,quartile,decision_tree,youden,ctx,kaggle+stanford_msa,mother_jones,0.25477707006369427,0.48777280465178563,0.25477707006369427,0.15762697379335305,0.07865168539325842,0.7777777777777778,0.14285714285714285
46,quartile,decision_tree,youden,ctx,kaggle+mother_jones,stanford_msa,0.16467065868263472,0.09485487179522924,0.16467065868263472,0.11344866191395173,0.42857142857142855,0.08450704225352113,0.1411764705882353
46,quartile,decision_tree,youden_val,ctx,mother_jones+stanford_msa,kaggle,0.3333333333333333,0.3832808284967302,0.3333333333333333,0.2504612722281896,0.0,0.0,0.0
46,quartile,decision_tree,youden_val,ctx,kaggle+stanford_msa,mother_jones,0.5605095541401274,0.31977788665686757,0.5605095541401274,0.4072273495385415,0.9887640449438202,0.5641025641025641,0.7183673469387755
46,quartile,decision_tree,youden_val,ctx,kaggle+mother_jones,stanford_msa,0.12574850299401197,0.015812686005235038,0.12574850299401197,0.028092750668875014,1.0,0.12574850299401197,0.22340425531914893
46,quartile,multinomial_lr,default,ctx,mother_jones+stanford_msa,kaggle,0.31746031746031744,0.3417015037669269,0.31746031746031744,0.23716619743683165,0.6538461538461539,0.24817518248175183,0.35978835978835977
46,quartile,multinomial_lr,default,ctx,kaggle+stanford_msa,mother_jones,0.40764331210191085,0.4223609322107841,0.40764331210191085,0.40494312963555307,0.5168539325842697,0.6301369863013698,0.5679012345679012
46,quartile,multinomial_lr,default,ctx,kaggle+mother_jones,stanford_msa,0.27844311377245506,0.43203828027622204,0.27844311377245506,0.23196429820813996,0.8333333333333334,0.23178807947019867,0.3626943005181347
46,quartile,multinomial_lr,youden,ctx,mother_jones+stanford_msa,kaggle,0.3492063492063492,0.32288693697293874,0.3492063492063492,0.2988013293508064,0.4230769230769231,0.2558139534883721,0.3188405797101449
46,quartile,multinomial_lr,youden,ctx,kaggle+stanford_msa,mother_jones,0.22929936305732485,0.496436217084459,0.22929936305732485,0.2239973055890316,0.1348314606741573,0.75,0.22857142857142856
46,quartile,multinomial_lr,youden,ctx,kaggle+mother_jones,stanford_msa,0.2994011976047904,0.45707186230926405,0.2994011976047904,0.25573469436098234,0.8095238095238095,0.2361111111111111,0.3655913978494624
46,quartile,multinomial_lr,youden_val,ctx,mother_jones+stanford_msa,kaggle,0.28253968253968254,0.44214856628230487,0.28253968253968254,0.2117218123909715,0.2692307692307692,0.23333333333333334,0.25
46,quartile,multinomial_lr,youden_val,ctx,kaggle+stanford_msa,mother_jones,0.5732484076433121,0.49316348195329096,0.5732484076433121,0.45221387022976783,0.9662921348314607,0.5733333333333334,0.7196652719665272
46,quartile,multinomial_lr,youden_val,ctx,kaggle+mother_jones,stanford_msa,0.23952095808383234,0.14600215478845002,0.23952095808383234,0.14251158809783496,1.0,0.20388349514563106,0.3387096774193548
46,quartile,naive_bayes,default,ctx,mother_jones+stanford_msa,kaggle,0.2984126984126984,0.2395197180968793,0.2984126984126984,0.2376083993199245,0.8653846153846154,0.25280898876404495,0.391304347826087
46,quartile,naive_bayes,default,ctx,kaggle+stanford_msa,mother_jones,0.18471337579617833,0.4821708953170959,0.18471337579617833,0.17591766056123442,0.1348314606741573,0.8,0.23076923076923078
46,quartile,naive_bayes,default,ctx,kaggle+mother_jones,stanford_msa,0.3712574850299401,0.4486504826219351,0.3712574850299401,0.3286672494620702,0.09523809523809523,0.8,0.1702127659574468
46,quartile,naive_bayes,youden,ctx,mother_jones+stanford_msa,kaggle,0.3142857142857143,0.28945977021531766,0.3142857142857143,0.2573045260244964,0.6538461538461539,0.25,0.3617021276595745
46,quartile,naive_bayes,youden,ctx,kaggle+stanford_msa,mother_jones,0.2484076433121019,0.5061120192398023,0.2484076433121019,0.21077634519742539,0.1348314606741573,0.8,0.23076923076923078
46,quartile,naive_bayes,youden,ctx,kaggle+mother_jones,stanford_msa,0.4041916167664671,0.4603473022399092,0.4041916167664671,0.3403910323779156,0.9285714285714286,0.23780487804878048,0.3786407766990291
46,quartile,naive_bayes,youden_val,ctx,mother_jones+stanford_msa,kaggle,0.2984126984126984,0.2185566052015057,0.2984126984126984,0.24543604435020427,0.5384615384615384,0.23931623931623933,0.33136094674556216
46,quartile,naive_bayes,youden_val,ctx,kaggle+stanford_msa,mother_jones,0.1910828025477707,0.5874886260236579,0.1910828025477707,0.18823119940156233,0.1348314606741573,0.8,0.23076923076923078
46,quartile,naive_bayes,youden_val,ctx,kaggle+mother_jones,stanford_msa,0.2634730538922156,0.48646097897085083,0.2634730538922156,0.23117195493495524,0.11904761904761904,0.7142857142857143,0.20408163265306123
46,quartile,decision_tree,default,full,mother_jones+stanford_msa,kaggle,0.3111111111111111,0.2411797770751493,0.3111111111111111,0.2573230285952584,0.6538461538461539,0.3269230769230769,0.4358974358974359
46,quartile,decision_tree,default,full,kaggle+stanford_msa,mother_jones,0.47770700636942676,0.48892935344325267,0.47770700636942676,0.4804384509418921,0.6179775280898876,0.6790123456790124,0.6470588235294118
46,quartile,decision_tree,default,full,kaggle+mother_jones,stanford_msa,0.4161676646706587,0.227702204287078,0.4161676646706587,0.2915405829921699,0.0,0.0,0.0
46,quartile,decision_tree,youden,full,mother_jones+stanford_msa,kaggle,0.3142857142857143,0.3440624740135738,0.3142857142857143,0.3077672378041036,0.17307692307692307,0.47368421052631576,0.2535211267605634
46,quartile,decision_tree,youden,full,kaggle+stanford_msa,mother_jones,0.49044585987261147,0.4825599266916603,0.49044585987261147,0.4812466723196151,0.6179775280898876,0.6790123456790124,0.6470588235294118
46,quartile,decision_tree,youden,full,kaggle+mother_jones,stanford_msa,0.3143712574850299,0.30979513550563526,0.3143712574850299,0.2884325004267969,0.6904761904761905,0.1686046511627907,0.27102803738317754
46,quartile,decision_tree,youden_val,full,mother_jones+stanford_msa,kaggle,0.2920634920634921,0.35084805904478034,0.2920634920634921,0.1995600913798062,0.019230769230769232,1.0,0.03773584905660377
46,quartile,decision_tree,youden_val,full,kaggle+stanford_msa,mother_jones,0.4713375796178344,0.5103503184713376,0.4713375796178344,0.4750375346443619,0.6067415730337079,0.675,0.6390532544378699
46,quartile,decision_tree,youden_val,full,kaggle+mother_jones,stanford_msa,0.12574850299401197,0.015812686005235038,0.12574850299401197,0.028092750668875014,1.0,0.12574850299401197,0.22340425531914893
46,quartile,multinomial_lr,default,full,mother_jones+stanford_msa,kaggle,0.3873015873015873,0.39183499040641895,0.3873015873015873,0.38396324127471565,0.3269230769230769,0.30357142857142855,0.3148148148148148
46,quartile,multinomial_lr,default,full,kaggle+stanford_msa,mother_jones,0.5414012738853503,0.45613129052619494,0.5414012738853503,0.49044585987261147,0.7865168539325843,0.6306306306306306,0.7
46,quartile,multinomial_lr,default,full,kaggle+mother_jones,stanford_msa,0.3263473053892216,0.4364472538449064,0.3263473053892216,0.29459633893669046,0.47619047619047616,0.35714285714285715,0.40816326530612246
46,quartile,multinomial_lr,youden,full,mother_jones+stanford_msa,kaggle,0.38095238095238093,0.39395156491627126,0.38095238095238093,0.37431731383569955,0.38461538461538464,0.30303030303030304,0.3389830508474576
46,quartile,multinomial_lr,youden,full,kaggle+stanford_msa,mother_jones,0.34394904458598724,0.5396879494350177,0.34394904458598724,0.3662621599828373,0.29213483146067415,0.7647058823529411,0.42276422764227645
46,quartile,multinomial_lr,youden,full,kaggle+mother_jones,stanford_msa,0.3652694610778443,0.4358973763841573,0.3652694610778443,0.36987510473935525,0.5714285714285714,0.32,0.41025641025641024
46,quartile,multinomial_lr,youden_val,full,mother_jones+stanford_msa,kaggle,0.34285714285714286,0.3540136642225591,0.34285714285714286,0.34158483337043505,0.25,0.3333333333333333,0.2857142857142857
46,quartile,multinomial_lr,youden_val,full,kaggle+stanford_msa,mother_jones,0.5095541401273885,0.47359322566629386,0.5095541401273885,0.48642733931890614,0.6853932584269663,0.6853932584269663,0.6853932584269663
46,quartile,multinomial_lr,youden_val,full,kaggle+mother_jones,stanford_msa,0.32335329341317365,0.4431546264196753,0.32335329341317365,0.24725857453536426,0.5,0.3333333333333333,0.4
46,quartile,naive_bayes,default,full,mother_jones+stanford_msa,kaggle,0.346031746031746,0.30923388519087447,0.346031746031746,0.2289094056704093,0.21153846153846154,0.44,0.2857142857142857
46,quartile,naive_bayes,default,full,kaggle+stanford_msa,mother_jones,0.4840764331210191,0.37873044127191074,0.4840764331210191,0.4211643365890173,0.7528089887640449,0.6261682242990654,0.6836734693877551
46,quartile,naive_bayes,default,full,kaggle+mother_jones,stanford_msa,0.38023952095808383,0.4489659462616028,0.38023952095808383,0.3341095418079747,0.09523809523809523,0.8,0.1702127659574468
46,quartile,naive_bayes,youden,full,mother_jones+stanford_msa,kaggle,0.3333333333333333,0.36975574334455613,0.3333333333333333,0.2909117187049027,0.6538461538461539,0.2956521739130435,0.40718562874251496
46,quartile,naive_bayes,youden,full,kaggle+stanford_msa,mother_jones,0.45222929936305734,0.5144863900233475,0.45222929936305734,0.46430141913069595,0.5393258426966292,0.75,0.6274509803921569
46,quartile,naive_bayes,youden,full,kaggle+mother_jones,stanford_msa,0.36826347305389223,0.4458447732858901,0.36826347305389223,0.32577044566706287,0.09523809523809523,0.8,0.1702127659574468
46,quartile,naive_bayes,youden_val,full,mother_jones+stanford_msa,kaggle,0.36507936507936506,0.3546784626457458,0.36507936507936506,0.3168438485037328,0.36538461538461536,0.3584905660377358,0.3619047619047619
46,quartile,naive_bayes,youden_val,full,kaggle+stanford_msa,mother_jones,0.5031847133757962,0.5086960661912522,0.5031847133757962,0.5002803186309722,0.6629213483146067,0.686046511627907,0.6742857142857143
46,quartile,naive_bayes,youden_val,full,kaggle+mother_jones,stanford_msa,0.2694610778443114,0.48838888995120383,0.2694610778443114,0.24093666080384135,0.09523809523809523,0.8,0.1702127659574468
